camera_id,calibration_date,fx,skew,cx,s,fy,cy,K_20,K_21,K_22,k1,k2,k3,k4,rvec_x,rvec_y,rvec_z,tvec_x,tvec_y,tvec_z,rms,n_gcps,image_width,image_height,geotransform_x_min,geotransform_y_max,geotransform_pixel_width,geotransform_pixel_height,bounds_x_min,bounds_x_max,bounds_y_min,bounds_y_max,output_width,output_height,recalibrated,recalibration_mode,gcps_skipped,gcp_pixel_coords,local_origin_x,local_origin_y,local_origin_z,model_crs
NVR1_N910A6_ch1_main,20251120,2046.157273000000,0,1924.952889000000,0,2067.452693000000,1107.531751000000,0,0,1,0.152585866,-0.652682188,0.776007443,-0.341762408,3.038151489,0.388699422,0.055472295,-31.87711592,20.39741769,179.6859641,2.386498144,18,3840,2160,266508.351599999995,4691268.961000000127,0.0025,-0.0025,,,,,5769,4561,FALSE,,0,,266495.000000000000,4691250.000000000000,0,EPSG:26919
NVR1_N910A6_ch2_main,20251120,2225.583094000000,0,1942.230626000000,0,2255.334552000000,1007.387245000000,0,0,1,0.089191061,-0.759148651,1.258480333,-0.74547215,-2.987484971,-0.372815439,-0.125059596,-35.69395311,-13.75071754,180.3044488,1.833909768,14,3840,2160,266508.041800000006,4691271.656000000425,0.0025,-0.0025,,,,,5773,4552,FALSE,,0,,266495.000000000000,4691250.000000000000,0,EPSG:26919
NVR1_N910A6_ch3_main,20251120,2023.327779000000,0,1911.660633000000,0,2047.853323000000,1023.980793000000,0,0,1,0.02973372,-0.056895841,-0.141156768,0.136254664,-3.123421938,-0.305225438,-0.032113111,-26.48568348,14.96736844,181.6424346,2.538927382,16,3840,2160,266507.080799999996,4691274.881000000052,0.0025,-0.0025,,,,,5611,4020,FALSE,,0,,266495.000000000000,4691250.000000000000,0,EPSG:26919
NVR1_N910A6_ch4_main,20251120,2214.450153000000,0,1973.130574000000,0,2238.913929000000,1051.993581000000,0,0,1,0.149087605,-0.918893526,1.346652838,-0.713185766,-3.021378241,-0.239194936,-0.011546891,-21.79894986,0.367034997,183.7859163,2.750325042,34,3840,2160,266505.695899999992,4691279.616000000387,0.0025,-0.0025,,,,,6022,4834,FALSE,,0,,266495.000000000000,4691250.000000000000,0,EPSG:26919
NVR1_N910A6_ch5_main,20251120,2144.779432000000,0,1927.915096000000,0,2165.966012000000,1042.375122000000,0,0,1,0.016253649,-0.226874511,0.179076669,-0.048239403,3.095002998,0.280499538,-0.16416284,-3.267273115,30.79561462,182.7054883,2.52704645,31,3840,2160,266504.709800000011,4691283.701000000350,0.0025,-0.0025,,,,,5985,5175,FALSE,,0,,266495.000000000000,4691250.000000000000,0,EPSG:26919
NVR1_N910A6_ch6_main,20251120,2160.222971000000,0,1928.793837000000,0,2184.223512000000,994.0426404,0,0,1,-0.010795904,-0.183657976,0.188273976,-0.086510925,-3.106717581,-0.267245164,-0.148385809,-38.67958559,22.62908569,180.405497,1.465427939,30,3840,2160,266504.033600000024,4691286.553000000305,0.0025,-0.0025,,,,,6013,4736,FALSE,,0,,266495.000000000000,4691250.000000000000,0,EPSG:26919
NVR1_N910A6_ch7_main,20251120,2007.222232000000,0,1887.436578000000,0,2030.826848000000,1053.977763000000,0,0,1,0.058350948,-0.108392012,-0.129643354,0.150316286,3.088359425,0.384007604,0.004128635,-24.64346549,34.95956594,180.9051425,1.993601514,25,3840,2160,266503.396799999988,4691290.944000000134,0.0025,-0.0025,,,,,5579,5108,FALSE,,0,,266495.000000000000,4691250.000000000000,0,EPSG:26919
NVR1_N910A6_ch8_main,20251203,2148.226235000000,0,1946.678185000000,0,2171.561760000000,1061.510692000000,0,0,1,0.009636819,-0.135031884,-0.023574763,0.075293347,3.118490804,0.298296665,0.079078741,-31.12892716,35.03381191,180.7979673,2.967634109,22,3840,2160,266502.381700000027,4691294.440000000410,0.0025,-0.0025,,,,,5699,4758,TRUE,pose-only,2,"[{""X"": 266510.9126, ""Y"": 4691286.204, ""Z"": 177.8801727, ""col"": 2126.5679526784015, ""row"": 1974.9335009421022}, {""X"": 266510.5727, ""Y"": 4691287.695, ""Z"": 177.8799591, ""col"": 2113.6512909723783, ""row"": 1279.5122269681435}, {""X"": 266510.2514, ""Y"": 4691289.206, ""Z"": 177.8722687, ""col"": 2094.9322919738324, ""row"": 527.9011496666899}, {""X"": 266506.9923, ""Y"": 4691289.169, ""Z"": 177.8471985, ""col"": 738.0749298767398, ""row"": 349.15635226378237}, {""X"": 266507.0581, ""Y"": 4691288.887, ""Z"": 177.8495026, ""col"": 727.1139487781936, ""row"": 460.4984499637823}, {""X"": 266507.2984, ""Y"": 4691287.981, ""Z"": 177.8533783, ""col"": 714.9388046781935, ""row"": 854.0987762623286}, {""X"": 266507.4405, ""Y"": 4691287.375, ""Z"": 177.8435822, ""col"": 719.7803717767398, ""row"": 1133.4010309623286}, {""X"": 266507.6334, ""Y"": 4691286.771, ""Z"": 177.8551941, ""col"": 753.186398375286, ""row"": 1412.301760965236}, {""X"": 266507.8514, ""Y"": 4691285.945, ""Z"": 177.853714, ""col"": 810.5036121767398, ""row"": 1769.7137819637824}, {""X"": 266507.9736, ""Y"": 4691285.547, ""Z"": 177.8552246, ""col"": 851.5445466352064, ""row"": 1932.2848770080902}, {""X"": 266506.0925, ""Y"": 4691286.989, ""Z"": 178.1607819, ""col"": 267.97423400493335, ""row"": 1173.9044899652363}, {""X"": 266505.7277, ""Y"": 4691288.436, ""Z"": 178.155365, ""col"": 282.76371012383225, ""row"": 584.2446919637823}, {""X"": 266505.3817, ""Y"": 4691290.085, ""Z"": 178.1680603, ""col"": 408.9364112816327, ""row"": 12.728403246303913}, {""X"": 266513.6311, ""Y"": 4691286.446, ""Z"": 177.8466034, ""col"": 3128.9909614088865, ""row"": 1925.2622580336263}, {""X"": 266513.5837, ""Y"": 4691286.669, ""Z"": 177.8469391, ""col"": 3147.821032978193, ""row"": 1842.7918729637827}, {""X"": 266513.3684, ""Y"": 4691287.698, ""Z"": 177.8507996, ""col"": 3189.1555629738323, ""row"": 1454.2129269666898}, {""X"": 266513.3167, ""Y"": 4691287.947, ""Z"": 177.8500824, ""col"": 3194.2045559752864, ""row"": 1355.96989896669}, {""X"": 266513.0245, ""Y"": 4691289.233, ""Z"": 177.8548737, ""col"": 3186.1609609752863, ""row"": 806.6152073695973}, {""X"": 266512.9759, ""Y"": 4691289.427, ""Z"": 177.8503876, ""col"": 3179.4761579796477, ""row"": 728.0207854695973}, {""X"": 266512.8236, ""Y"": 4691290.43, ""Z"": 177.8519287, ""col"": 3144.2082909796472, ""row"": 340.3968326666898}, {""X"": 266512.7913, ""Y"": 4691290.958, ""Z"": 177.8545837, ""col"": 3131.347560805398, ""row"": 165.8553243634663}, {""X"": 266512.7607, ""Y"": 4691291.44, ""Z"": 177.8536224, ""col"": 3113.084760897959, ""row"": 21.73515947997737}]",266495.000000000000,4691250.000000000000,0,EPSG:26919
NVR2_N910A6_ch1_main,20251203,2550.130325000000,0,2162.602406000000,0,2549.607249000000,1210.152983000000,0,0,1,-0.038194481,-0.201898986,0.351886937,-0.232337308,3.037666924,0.305766494,-0.032380854,-19.76247139,54.35316953,178.4549689,2.224823905,21,4512,2512,266501.741199999989,4691298.424999999814,0.0025,-0.0025,,,,,5634,5199,TRUE,pose-only,1,"[{""X"": 266509.8978, ""Y"": 4691290.635, ""Z"": 177.8704681, ""col"": 2592.499783002908, ""row"": 2108.769929997219}, {""X"": 266509.5731, ""Y"": 4691292.159, ""Z"": 177.8670349, ""col"": 2590.5433679985463, ""row"": 1259.9195809972189}, {""X"": 266509.2885, ""Y"": 4691293.588, ""Z"": 177.8656769, ""col"": 2573.5554339985465, ""row"": 490.43298809285756}, {""X"": 266512.0594, ""Y"": 4691295.425, ""Z"": 177.8432007, ""col"": 3721.5489903806083, ""row"": 154.93848002070666}, {""X"": 266512.2688, ""Y"": 4691294.384, ""Z"": 177.8430481, ""col"": 3817.062494, ""row"": 545.8645252884962}, {""X"": 266512.3669, ""Y"": 4691293.971, ""Z"": 177.8448029, ""col"": 3850.387342998546, ""row"": 718.5326353870428}, {""X"": 266512.6659, ""Y"": 4691292.473, ""Z"": 177.848465, ""col"": 3906.403573001454, ""row"": 1387.0959659870425}, {""X"": 266512.76, ""Y"": 4691291.439, ""Z"": 177.8531342, ""col"": 3855.522772002908, ""row"": 1854.1886739870429}, {""X"": 266512.7898, ""Y"": 4691290.957, ""Z"": 177.8545837, ""col"": 3811.090343998546, ""row"": 2060.1844219899504}, {""X"": 266512.8237, ""Y"": 4691290.431, ""Z"": 177.8519287, ""col"": 3751.93564725877, ""row"": 2274.2710925969914}, {""X"": 266506.9928, ""Y"": 4691289.167, ""Z"": 177.8471985, ""col"": 1031.6207694471273, ""row"": 2406.476957280703}, {""X"": 266506.7463, ""Y"": 4691290.089, ""Z"": 177.8492432, ""col"": 957.1418063970925, ""row"": 1981.2481459957653}, {""X"": 266506.6809, ""Y"": 4691290.344, ""Z"": 177.8506622, ""col"": 942.9503593941849, ""row"": 1852.3935639899505}, {""X"": 266506.3075, ""Y"": 4691291.836, ""Z"": 177.8548584, ""col"": 909.9808899970925, ""row"": 1092.295128991404}, {""X"": 266506.237, ""Y"": 4691292.091, ""Z"": 177.8566284, ""col"": 913.0591714970925, ""row"": 960.9551171914038}, {""X"": 266505.0777, ""Y"": 4691291.466, ""Z"": 178.1764679, ""col"": 393.92299949709246, ""row"": 1137.1969949914037}, {""X"": 266505.3843, ""Y"": 4691290.085, ""Z"": 178.1680603, ""col"": 406.80620199854616, ""row"": 1795.8077739899504}, {""X"": 266505.7286, ""Y"": 4691288.43, ""Z"": 178.155365, ""col"": 534.9285574081632, ""row"": 2488.5599706405897}, {""X"": 266505.9419, ""Y"": 4691293.216, ""Z"": 177.8523712, ""col"": 956.9161510941849, ""row"": 432.1987686899501}, {""X"": 266505.9059, ""Y"": 4691293.357, ""Z"": 177.8518372, ""col"": 964.4394137956386, ""row"": 373.37081398849625}, {""X"": 266504.7412, ""Y"": 4691292.992, ""Z"": 178.1688843, ""col"": 485.3213155970925, ""row"": 455.9950347899501}]",266495.000000000000,4691250.000000000000,0,EPSG:26919
NVR2_N910A6_ch2_main,20251212,2513.577722000000,0,2291.324141000000,0,2517.852619000000,1187.770699000000,0,0,1,-0.054892153,-0.003305135,0.007703872,-0.06861302,3.02631222,0.372258073,0.078222336,-34.65136676,56.05084749,176.5219637,5.163315983,18,4512,2512,266503.583900000027,4691298.634999999776,0.0025,-0.0025,,,,,3714,2458,TRUE,pose-only,2,"[{""X"": 266509.2938, ""Y"": 4691293.589, ""Z"": 177.8656769, ""col"": 2620.3056448308707, ""row"": 2419.698191718963}, {""X"": 266509.0348, ""Y"": 4691295.152, ""Z"": 177.8631287, ""col"": 2709.038726153208, ""row"": 1640.9390481754874}, {""X"": 266508.7229, ""Y"": 4691296.631, ""Z"": 177.8638611, ""col"": 2721.440131153208, ""row"": 839.9665052672865}, {""X"": 266508.4239, ""Y"": 4691298.135, ""Z"": 177.8688965, ""col"": 2715.784324130026, ""row"": 139.69241576700404}, {""X"": 266511.5619, ""Y"": 4691297.882, ""Z"": 177.835556, ""col"": 3892.1709208107, ""row"": 704.6113000429839}, {""X"": 266511.7642, ""Y"": 4691296.924, ""Z"": 177.8430634, ""col"": 3924.147323766905, ""row"": 1089.8590071209978}, {""X"": 266512.0607, ""Y"": 4691295.466, ""Z"": 177.8427582, ""col"": 3905.0620152276424, ""row"": 1740.0081293072055}, {""X"": 266512.2677, ""Y"": 4691294.384, ""Z"": 177.8430481, ""col"": 3838.3709525268023, ""row"": 2177.385684605587}, {""X"": 266512.3696, ""Y"": 4691293.966, ""Z"": 177.8448029, ""col"": 3807.9165867739966, ""row"": 2330.082226275236}, {""X"": 266505.906, ""Y"": 4691293.357, ""Z"": 177.8518372, ""col"": 971.0060644809025, ""row"": 2080.617750129588}, {""X"": 266505.938, ""Y"": 4691293.212, ""Z"": 177.8523712, ""col"": 979.884716526802, ""row"": 2146.056781939592}, {""X"": 266505.5356, ""Y"": 4691294.805, ""Z"": 177.8445587, ""col"": 932.0419802189017, ""row"": 1354.5769689854912}, {""X"": 266505.3497, ""Y"": 4691295.524, ""Z"": 177.8509827, ""col"": 945.9449805967026, ""row"": 983.5518852076904}, {""X"": 266505.1479, ""Y"": 4691296.267, ""Z"": 177.8459625, ""col"": 978.8432701885015, ""row"": 623.6008628313909}, {""X"": 266505.0963, ""Y"": 4691296.477, ""Z"": 177.8459778, ""col"": 994.7033016645, ""row"": 523.9351173474921}, {""X"": 266504.7696, ""Y"": 4691297.742, ""Z"": 177.8557892, ""col"": 1091.619724092646, ""row"": 3.9487697134453015}, {""X"": 266504.0839, ""Y"": 4691295.938, ""Z"": 178.1613007, ""col"": 522.0627788024992, ""row"": 644.7121987076903}, {""X"": 266504.7403, ""Y"": 4691292.988, ""Z"": 178.1688843, ""col"": 489.21328042469827, ""row"": 2051.815292699489}]",266495.000000000000,4691250.000000000000,0,EPSG:26919
NVR2_N910A6_ch3_main,20251203,2735.473211000000,0,2293.533472000000,0,2733.121820000000,1186.686008000000,0,0,1,0.2283548,-1.822466868,3.267245108,-1.963255523,3.098732042,0.323348343,0.093326718,-33.66568603,48.66401745,180.2446328,4.461468625,19,4512,2512,266500.048300000024,4691304.446000000462,0.0025,-0.0025,,,,,5881,4600,TRUE,pose-only,1,"[{""X"": 266507.9172, ""Y"": 4691300.325, ""Z"": 177.8649902, ""col"": 2475.928948984009, ""row"": 569.6888166695974}, {""X"": 266508.045, ""Y"": 4691299.605, ""Z"": 177.8643188, ""col"": 2459.1185759840087, ""row"": 971.1950682695974}, {""X"": 266508.4242, ""Y"": 4691298.129, ""Z"": 177.8688965, ""col"": 2495.053555984008, ""row"": 1788.9476109695977}, {""X"": 266511.7492, ""Y"": 4691296.946, ""Z"": 177.8439331, ""col"": 3684.648813094115, ""row"": 2398.8589606932555}, {""X"": 266511.5613, ""Y"": 4691297.882, ""Z"": 177.835556, ""col"": 3756.491371989824, ""row"": 2051.5900999710516}, {""X"": 266511.4428, ""Y"": 4691298.468, ""Z"": 177.8348083, ""col"": 3792.6965779912775, ""row"": 1809.756322973959}, {""X"": 266511.3616, ""Y"": 4691298.943, ""Z"": 177.8356476, ""col"": 3814.117682985462, ""row"": 1599.887164971051}, {""X"": 266511.1481, ""Y"": 4691299.965, ""Z"": 177.8355103, ""col"": 3827.42756098837, ""row"": 1133.420231971051}, {""X"": 266511.0166, ""Y"": 4691300.634, ""Z"": 177.8374786, ""col"": 3811.824047985462, ""row"": 833.642516171051}, {""X"": 266510.8309, ""Y"": 4691301.446, ""Z"": 177.8378296, ""col"": 3769.84102898837, ""row"": 480.3991557695973}, {""X"": 266504.406, ""Y"": 4691299.173, ""Z"": 177.8580322, ""col"": 707.6175979840086, ""row"": 832.0665020637823}, {""X"": 266504.7677, ""Y"": 4691297.743, ""Z"": 177.8557892, ""col"": 722.5458476825547, ""row"": 1539.099612969597}, {""X"": 266504.7818, ""Y"": 4691297.663, ""Z"": 177.8538818, ""col"": 726.0787453840086, ""row"": 1574.7577989681436}, {""X"": 266505.1529, ""Y"": 4691296.252, ""Z"": 177.8461151, ""col"": 835.2183374327856, ""row"": 2218.562687104165}, {""X"": 266505.0966, ""Y"": 4691296.484, ""Z"": 177.8460541, ""col"": 816.2947050825549, ""row"": 2131.3587699725053}, {""X"": 266504.077, ""Y"": 4691295.946, ""Z"": 178.1608124, ""col"": 444.50787458546233, ""row"": 2188.861561972505}, {""X"": 266503.7197, ""Y"": 4691297.657, ""Z"": 178.179657, ""col"": 331.83386378546237, ""row"": 1460.797510971051}, {""X"": 266503.4038, ""Y"": 4691298.983, ""Z"": 178.1663513, ""col"": 334.16469618400856, ""row"": 843.0948178695974}, {""X"": 266503.0483, ""Y"": 4691300.67, ""Z"": 178.1597595, ""col"": 468.0025702431136, ""row"": 140.11326691628852}]",266495.000000000000,4691250.000000000000,0,EPSG:26919
NVR2_N910A6_ch4_main,20251203,2733.035118000000,0,2226.420972000000,0,2739.518913000000,1251.397788000000,0,0,1,0.027536792,-0.658159106,1.170410694,-0.781955243,3.091839869,0.326135436,-0.159099994,-4.472214787,55.79322132,182.1054083,2.860019754,19,4512,2512,266499.412200000021,4691308.100999999791,0.0025,-0.0025,,,,,5842,4308,TRUE,pose-only,0,"[{""X"": 266507.9158, ""Y"": 4691300.331, ""Z"": 177.8649902, ""col"": 2801.7298469589014, ""row"": 2444.654751085852}, {""X"": 266511.0193, ""Y"": 4691300.633, ""Z"": 177.8374786, ""col"": 3989.3954356951735, ""row"": 2369.578393100093}, {""X"": 266510.8252, ""Y"": 4691301.448, ""Z"": 177.8378296, ""col"": 4060.1327258994897, ""row"": 2055.4091448615927}, {""X"": 266510.7703, ""Y"": 4691301.749, ""Z"": 177.8374939, ""col"": 4083.62566462193, ""row"": 1924.8502310554943}, {""X"": 266510.5213, ""Y"": 4691302.951, ""Z"": 177.8294525, ""col"": 4128.348050260711, ""row"": 1383.8682376942745}, {""X"": 266510.2273, ""Y"": 4691304.459, ""Z"": 177.8231354, ""col"": 4086.880319815831, ""row"": 703.0248570106153}, {""X"": 266510.092, ""Y"": 4691305.101, ""Z"": 177.8231049, ""col"": 4042.3913618158313, ""row"": 438.8157002045166}, {""X"": 266504.0434, ""Y"": 4691300.601, ""Z"": 177.852951, ""col"": 1007.4728554565669, ""row"": 1842.7773111391534}, {""X"": 266504.0021, ""Y"": 4691300.686, ""Z"": 177.8534088, ""col"": 996.7022651177866, ""row"": 1800.1055137779338}, {""X"": 266503.0454, ""Y"": 4691300.668, ""Z"": 178.1597595, ""col"": 610.4762163055892, ""row"": 1686.311479306472}, {""X"": 266502.7686, ""Y"": 4691301.995, ""Z"": 178.1528778, ""col"": 608.8497856443695, ""row"": 1076.469117751351}, {""X"": 266502.4122, ""Y"": 4691303.549, ""Z"": 178.1513977, ""col"": 687.0289885158313, ""row"": 401.76778731257076}, {""X"": 266503.2325, ""Y"": 4691303.597, ""Z"": 177.8426819, ""col"": 1000.2752598382708, ""row"": 426.97004408403245}, {""X"": 266503.1934, ""Y"": 4691303.768, ""Z"": 177.8445435, ""col"": 1012.7729816831499, ""row"": 356.5082052228127}, {""X"": 266510.297, ""Y"": 4691304.156, ""Z"": 177.83069, ""col"": 4107.5519648994905, ""row"": 831.1453594493955}, {""X"": 266503.7101, ""Y"": 4691301.788, ""Z"": 177.84851, ""col"": 963.9736451341273, ""row"": 1256.7767392228127}, {""X"": 266503.4457, ""Y"": 4691302.778, ""Z"": 177.83983, ""col"": 972.7208289504683, ""row"": 783.9921189840325}, {""X"": 266507.5017, ""Y"": 4691302.156, ""Z"": 177.78352, ""col"": 2824.824345762665, ""row"": 1495.8539258881758}, {""X"": 266507.0263, ""Y"": 4691304.155, ""Z"": 177.78032, ""col"": 2777.0026428729075, ""row"": 417.8384744432969}]",266495.000000000000,4691250.000000000000,0,EPSG:26919
NVR2_N910A6_ch5_main,20251203,2522.876547000000,0,2187.337652000000,0,2519.917404000000,1203.151450000000,0,0,1,0.008956668,-0.317070307,0.438093762,-0.233145304,-3.047256262,-0.411901356,-0.059062208,-30.8367223,38.07867923,184.7273461,3.943730195,19,4512,2512,266498.770299999975,4691311.957999999635,0.0025,-0.0025,,,,,5784,5183,TRUE,pose-only,2,"[{""X"": 266503.2329, ""Y"": 4691303.593, ""Z"": 177.8426819, ""col"": 629.190982675286, ""row"": 1757.5798059710512}, {""X"": 266503.1915, ""Y"": 4691303.766, ""Z"": 177.8445435, ""col"": 622.7180397781935, ""row"": 1681.3054049725047}, {""X"": 266502.9107, ""Y"": 4691304.82, ""Z"": 177.8460693, ""col"": 582.5660364767398, ""row"": 1198.5415149739588}, {""X"": 266502.8599, ""Y"": 4691305.083, ""Z"": 177.8492432, ""col"": 586.8713556752859, ""row"": 1063.8666989739586}, {""X"": 266502.0966, ""Y"": 4691304.876, ""Z"": 178.1587219, ""col"": 283.1317175223786, ""row"": 1078.9167089725047}, {""X"": 266502.4162, ""Y"": 4691303.551, ""Z"": 178.150528, ""col"": 321.2335483781936, ""row"": 1682.4171509725047}, {""X"": 266502.7701, ""Y"": 4691302.001, ""Z"": 178.1533051, ""col"": 448.192980409993, ""row"": 2284.1639353076293}, {""X"": 266502.4852, ""Y"": 4691306.583, ""Z"": 177.8479156, ""col"": 641.640615375286, ""row"": 362.3045109710511}, {""X"": 266502.3309, ""Y"": 4691307.173, ""Z"": 177.8474884, ""col"": 687.5418269201314, ""row"": 114.08187149137223}, {""X"": 266501.7703, ""Y"": 4691306.462, ""Z"": 178.1611786, ""col"": 366.1131929781936, ""row"": 355.6286294681436}, {""X"": 266510.229, ""Y"": 4691304.47, ""Z"": 177.8230591, ""col"": 3648.9868129811007, ""row"": 2131.2074489637826}, {""X"": 266510.0964, ""Y"": 4691305.098, ""Z"": 177.8227692, ""col"": 3710.087509975286, ""row"": 1885.8383699623287}, {""X"": 266509.9141, ""Y"": 4691305.942, ""Z"": 177.8224335, ""col"": 3777.1315069767397, ""row"": 1520.8479989666898}, {""X"": 266509.6071, ""Y"": 4691307.45, ""Z"": 177.8280029, ""col"": 3829.686557979647, ""row"": 854.169796665236}, {""X"": 266509.5801, ""Y"": 4691307.597, ""Z"": 177.8300629, ""col"": 3832.4242329781932, ""row"": 789.183853365236}, {""X"": 266509.3519, ""Y"": 4691308.734, ""Z"": 177.8308563, ""col"": 3805.91328797674, ""row"": 319.2393206710511}, {""X"": 266509.3219, ""Y"": 4691308.958, ""Z"": 177.8321991, ""col"": 3800.4004226959105, ""row"": 238.2897906010998}, {""X"": 266506.403, ""Y"": 4691305.497, ""Z"": 177.7862, ""col"": 2249.4618239680176, ""row"": 1329.9673979623285}, {""X"": 266507.026, ""Y"": 4691304.164, ""Z"": 177.78291, ""col"": 2375.0396389781936, ""row"": 2058.7695849710517}]",266495.000000000000,4691250.000000000000,0,EPSG:26919
NVR2_N910A6_ch6_main,20251202,2433.008291000000,0,2218.018989000000,0,2438.840771000000,1292.648983000000,0,0,1,0.218809796,-0.794599846,0.876740287,-0.370570294,3.064179673,0.3924853,-0.072532634,-17.15842963,65.86432913,179.6683073,3.072651841,13,4512,2512,266497.155399999989,4691316.310999999754,0.0025,-0.0025,,,,,6081,4856,TRUE,pose-only,4,"[{""X"": 266501.3853, ""Y"": 4691308.021, ""Z"": 178.1557617, ""col"": 594.8543792483283, ""row"": 1878.0009304329901}, {""X"": 266502.334, ""Y"": 4691307.173, ""Z"": 177.8474884, ""col"": 961.7491746765721, ""row"": 2359.525103523875}, {""X"": 266501.7253, ""Y"": 4691309.585, ""Z"": 177.8486938, ""col"": 903.7344042166321, ""row"": 1203.2441382012937}, {""X"": 266500.1554, ""Y"": 4691310.584, ""Z"": 178.1695557, ""col"": 491.894935627569, ""row"": 615.2399855220528}, {""X"": 266501.4514, ""Y"": 4691310.534, ""Z"": 177.8434448, ""col"": 932.7951229641762, ""row"": 737.9044549171417}, {""X"": 266501.259, ""Y"": 4691311.14, ""Z"": 177.8433685, ""col"": 957.127175127569, ""row"": 466.67836179035675}, {""X"": 266501.1665, ""Y"": 4691311.336, ""Z"": 177.8496094, ""col"": 961.3809081800247, ""row"": 386.46882513790104}, {""X"": 266509.3573, ""Y"": 4691308.732, ""Z"": 177.8316498, ""col"": 4033.1876416359905, ""row"": 2334.426198931947}, {""X"": 266509.0126, ""Y"": 4691310.436, ""Z"": 177.8288269, ""col"": 4156.73456660681, ""row"": 1648.9501972012936}, {""X"": 266501.7341, ""Y"": 4691311.958, ""Z"": 177.79637, ""col"": 1267.0693437513432, ""row"": 171.87273762785202}, {""X"": 266508.4525, ""Y"": 4691313.311, ""Z"": 177.83415, ""col"": 4086.9776166068095, ""row"": 464.49453812205303}, {""X"": 266508.848, ""Y"": 4691311.297, ""Z"": 177.82462, ""col"": 4171.3661762226575, ""row"": 1269.7431478171418}, {""X"": 266507.4666, ""Y"": 4691312.875, ""Z"": 177.7834, ""col"": 3818.9237979909617, ""row"": 462.0708306171417}]",266495.000000000000,4691250.000000000000,0,EPSG:26919
NVR2_N910A6_ch7_main,20251120,2868.122470000000,0,2293.952570000000,0,2848.333220000000,1249.534058000000,0,0,1,-0.345459401,0.631734655,-0.809642232,0.357367175,-3.112362907,-0.357310499,0.109616692,-9.898788624,59.91888429,183.7930101,2.288363137,20,4512,2512,266494.418699999980,4691319.423000000417,0.0025,-0.0025,,,,,6972,4756,FALSE,,0,,266495.000000000000,4691250.000000000000,0,EPSG:26919
NVR2_N910A6_ch8_main,20251203,2963.259274000000,0,2233.575664000000,0,2970.993228000000,1302.538422000000,0,0,1,0.264636101,-1.872670917,2.818774872,-1.466720432,3.027703965,0.253998338,0.093152873,-31.59855493,81.73824581,174.2825239,3.246078193,12,4512,2512,266494.802700000000,4691324.211000000127,0.0025,-0.0025,,,,,6811,4827,TRUE,pose-only,4,"[{""X"": 266507.1993, ""Y"": 4691319.365, ""Z"": 177.8435669, ""col"": 3941.727695018899, ""row"": 742.149076065236}, {""X"": 266507.4979, ""Y"": 4691317.917, ""Z"": 177.8434906, ""col"": 4016.8730050188988, ""row"": 1362.9753359695974}, {""X"": 266508.8296, ""Y"": 4691318.26, ""Z"": 177.8251801, ""col"": 4287.80975858868, ""row"": 1309.3571739681436}, {""X"": 266508.0894, ""Y"": 4691321.211, ""Z"": 177.8337708, ""col"": 4058.555689213855, ""row"": 252.1563388346123}, {""X"": 266497.8027, ""Y"": 4691318.609, ""Z"": 177.8339996, ""col"": 202.10633870550538, ""row"": 468.7014371695973}, {""X"": 266498.1571, ""Y"": 4691317.844, ""Z"": 177.8370361, ""col"": 176.49058292788374, ""row"": 747.7843138666899}, {""X"": 266499.3063, ""Y"": 4691315.321, ""Z"": 177.8503876, ""col"": 285.3475095941849, ""row"": 1889.2915559695975}, {""X"": 266507.89, ""Y"": 4691315.943, ""Z"": 177.8365479, ""col"": 3974.2985150203526, ""row"": 2195.2902939695978}, {""X"": 266507.807, ""Y"": 4691316.429, ""Z"": 177.837265, ""col"": 4002.2754060218067, ""row"": 2005.5207299695976}, {""X"": 266505.6868, ""Y"": 4691318.987, ""Z"": 177.79663, ""col"": 3448.021857020353, ""row"": 708.9064476710512}, {""X"": 266498.6057, ""Y"": 4691316.86, ""Z"": 177.84079, ""col"": 175.62338587643018, ""row"": 1160.758921972505}, {""X"": 266499.3935, ""Y"": 4691315.142, ""Z"": 177.85103, ""col"": 306.22070771599147, ""row"": 1964.4074509710513}]",266495.000000000000,4691250.000000000000,0,EPSG:26919
NVR3_N910A6_ch1_main,20251218,2325.630552,0,2269.708414,0,2328.019972,1204.404561,0,0,1,-0.006240516,0.064929383,-0.194182912,0.096567304,2.428942793,-1.939273311,-0.113622121,34.8388764,17.85822033,178.3524004,10.24878086,15,4512,2512,266507.3214,4691280.629,0.005,-0.005,266507.3214,266515.1986,4691270.757,4691280.629,,,TRUE,pose-only,0,"[{""X"": 266509.3213704028, ""Y"": 4691278.629098289, ""Z"": 177.85385131835938, ""col"": 208.6783384014483, ""row"": 1965.1696747938304}, {""X"": 266509.3506805927, ""Y"": 4691278.480064895, ""Z"": 177.8527832, ""col"": 250.63722339352415, ""row"": 1987.9295169971247}, {""X"": 266509.4744038018, ""Y"": 4691277.710432693, ""Z"": 177.83653259277344, ""col"": 516.0443581297848, ""row"": 2117.095828837101}, {""X"": 266509.62891069247, ""Y"": 4691276.975972404, ""Z"": 177.84921264648438, ""col"": 876.2813039316694, ""row"": 2243.9820069012753}, {""X"": 266509.69160914083, ""Y"": 4691276.646808798, ""Z"": 177.84927368164062, ""col"": 1082.1127504680626, ""row"": 2306.9707418844523}, {""X"": 266509.8966253398, ""Y"": 4691275.490838826, ""Z"": 177.84527587890625, ""col"": 1999.4295510628922, ""row"": 2483.303675349729}, {""X"": 266509.97688172647, ""Y"": 4691275.078794859, ""Z"": 177.8455352783203, ""col"": 2374.1334641224007, ""row"": 2510.7300625709995}, {""X"": 266510.1395, ""Y"": 4691274.289433937, ""Z"": 177.8450469970703, ""col"": 3099.8809735904206, ""row"": 2500.172702038891}, {""X"": 266510.1767275743, ""Y"": 4691274.035250555, ""Z"": 177.8474121, ""col"": 3303.7954899460424, ""row"": 2489.8311556961976}, {""X"": 266510.2944101951, ""Y"": 4691273.358341836, ""Z"": 177.83143615722656, ""col"": 3765.3565022798184, ""row"": 2410.810541673824}, {""X"": 266512.2223233464, ""Y"": 4691277.757849259, ""Z"": 177.84042358398438, ""col"": 761.5557063909664, ""row"": 183.23359235002198}, {""X"": 266512.5178, ""Y"": 4691275.886291082, ""Z"": 177.80995178222656, ""col"": 2172.3065934127326, ""row"": 43.82355111780737}, {""X"": 266512.8883974611, ""Y"": 4691274.161428193, ""Z"": 177.80633544921875, ""col"": 3699.9719043440114, ""row"": 169.59676629036085}, {""X"": 266512.46179203404, ""Y"": 4691278.468840773, ""Z"": 177.86984252929688, ""col"": 533.1742788996924, ""row"": 59.396783657922015}, {""X"": 266513.19863817515, ""Y"": 4691272.756741047, ""Z"": 177.81631469726562, ""col"": 4375.360853483567, ""row"": 378.93744655107673}]",266495,4691250,0,EPSG:26919
NVR3_N910A6_ch2_main,20251212,2325.630552000000,0,2269.708414000000,0,2328.019972000000,1204.404561000000,0,0,1,-0.006240516,0.064929383,-0.194182912,0.096567304,1.978874707,2.411110473,0.117867369,-32.5784925,-32.17116723,177.0984854,19.99008262,20,4512,2512,266510.319100000022,4691281.515999999829,0.0025,-0.0025,266510.319100000022,266518.622900000017,4691270.597644920461,4691281.515999999829,,,TRUE,pose-only,0,"[{""X"": 266512.3191, ""Y"": 4691278.730370877, ""Z"": 177.87030029296875, ""col"": 4314.923271678976, ""row"": 287.53490794937164}, {""X"": 266512.4636265041, ""Y"": 4691278.465884053, ""Z"": 177.86984252929688, ""col"": 4250.670104364342, ""row"": 288.9985709007023}, {""X"": 266513.4506847159, ""Y"": 4691272.810021565, ""Z"": 177.8712158203125, ""col"": 386.44868681626895, ""row"": 77.3309043243645}, {""X"": 266514.0833406914, ""Y"": 4691272.59764492, ""Z"": 177.83030700683594, ""col"": 171.80998599146818, ""row"": 499.48326426809155}, {""X"": 266514.93140262266, ""Y"": 4691272.822736967, ""Z"": 177.8383789, ""col"": 139.0123626139395, ""row"": 1112.5543093122178}, {""X"": 266515.0341203805, ""Y"": 4691279.516, ""Z"": 177.85406494140625, ""col"": 4378.982153533263, ""row"": 1951.1551090284077}, {""X"": 266515.10591591324, ""Y"": 4691279.064499957, ""Z"": 177.8524627685547, ""col"": 4263.954056288, ""row"": 2004.2162607295952}, {""X"": 266515.1948056205, ""Y"": 4691278.626910106, ""Z"": 177.85223388671875, ""col"": 4117.837881254722, ""row"": 2070.6844172652345}, {""X"": 266515.38967920945, ""Y"": 4691277.816685149, ""Z"": 177.8434600830078, ""col"": 3749.145248615849, ""row"": 2200.425775486528}, {""X"": 266515.4379994985, ""Y"": 4691277.568381611, ""Z"": 177.8506317138672, ""col"": 3610.032523695201, ""row"": 2233.5338674425175}, {""X"": 266515.68914410844, ""Y"": 4691276.571, ""Z"": 177.85232543945312, ""col"": 2853.4630465587134, ""row"": 2405.609024789848}, {""X"": 266515.7351307628, ""Y"": 4691276.395558025, ""Z"": 177.8512725830078, ""col"": 2701.835885405326, ""row"": 2420.036108508711}, {""X"": 266515.9357997998, ""Y"": 4691275.588740021, ""Z"": 177.85162353515625, ""col"": 1946.6632527380216, ""row"": 2471.4836780759965}, {""X"": 266516.1657330714, ""Y"": 4691274.618886256, ""Z"": 177.8497314453125, ""col"": 1118.028330602699, ""row"": 2422.3096668802277}, {""X"": 266516.2242615405, ""Y"": 4691274.434948472, ""Z"": 177.8549346923828, ""col"": 988.7396722942754, ""row"": 2414.5971849303974}, {""X"": 266516.5567, ""Y"": 4691273.149822042, ""Z"": 177.8506317138672, ""col"": 312.4206246230979, ""row"": 2251.4733205811085}, {""X"": 266516.6229, ""Y"": 4691272.907694892, ""Z"": 177.85243225097656, ""col"": 226.03788212662562, ""row"": 2221.8194733064984}, {""X"": 266512.8685482867, ""Y"": 4691278.099, ""Z"": 177.83688354492188, ""col"": 4145.066175844532, ""row"": 421.2331991137192}, {""X"": 266513.3292606812, ""Y"": 4691275.682784015, ""Z"": 177.81434631347656, ""col"": 2508.5029786827217, ""row"": 64.65096553947996}, {""X"": 266513.5655386544, ""Y"": 4691274.481817366, ""Z"": 177.8677520751953, ""col"": 1335.8281568598363, ""row"": 119.29545246344975}]",266495.000000000000,4691250.000000000000,0,EPSG:26919
NVR3_N910A6_ch3_main,20251203,2325.630552000000,0,2269.708414000000,0,2328.019972000000,1204.404561000000,0,0,1,-0.006240516,0.064929383,-0.194182912,0.096567304,3.045272012,0.360316756,0.029557801,-28.68062536,48.35416181,177.1213447,17.27514962,13,4512,2512,266504.883900000015,4691292.972000000067,0.0025,-0.0025,,,,,3456,2197,TRUE,pose-only,2,"[{""X"": 266510.2508, ""Y"": 4691289.204, ""Z"": 177.8722687, ""col"": 2421.426182467754, ""row"": 1993.5719400206697}, {""X"": 266509.8992, ""Y"": 4691290.643, ""Z"": 177.8704376, ""col"": 2414.851234238966, ""row"": 877.8717444623978}, {""X"": 266513.0246, ""Y"": 4691289.237, ""Z"": 177.8548737, ""col"": 3944.6905105424225, ""row"": 2179.4360253432365}, {""X"": 266512.9814, ""Y"": 4691289.425, ""Z"": 177.8503876, ""col"": 3959.2508227697585, ""row"": 2075.7654118754826}, {""X"": 266512.8243, ""Y"": 4691290.434, ""Z"": 177.8519287, ""col"": 4037.9006359310406, ""row"": 1497.1457483102624}, {""X"": 266512.7668, ""Y"": 4691291.435, ""Z"": 177.8531342, ""col"": 4076.403333696438, ""row"": 927.9163612454165}, {""X"": 266512.6661, ""Y"": 4691292.472, ""Z"": 177.848465, ""col"": 4028.4756983137395, ""row"": 401.6883943722014}, {""X"": 266506.9933, ""Y"": 4691289.163, ""Z"": 177.8471985, ""col"": 455.70916500501676, ""row"": 1423.2089709275645}, {""X"": 266507.0535, ""Y"": 4691288.887, ""Z"": 177.8436127, ""col"": 464.2149578214148, ""row"": 1598.9891920742052}, {""X"": 266507.2994, ""Y"": 4691287.978, ""Z"": 177.8538513, ""col"": 532.3726283401705, ""row"": 2144.435035691507}, {""X"": 266506.6818, ""Y"": 4691290.348, ""Z"": 177.8506622, ""col"": 500.3776996545646, ""row"": 699.4097931915072}, {""X"": 266506.7484, ""Y"": 4691290.096, ""Z"": 177.8492432, ""col"": 479.85582285456456, ""row"": 849.8937034756591}, {""X"": 266505.3839, ""Y"": 4691290.085, ""Z"": 178.1680603, ""col"": 51.60484242058834, ""row"": 757.7422221012937}]",266495.000000000000,4691250.000000000000,0,EPSG:26919
NVR3_N910A6_ch4_main,20251203,2325.630552000000,0,2269.708414000000,0,2328.019972000000,1204.404561000000,0,0,1,-0.006240516,0.064929383,-0.194182912,0.096567304,-3.112887058,-0.384482444,-0.006470557,-24.52306537,41.59669664,181.0204731,4.873175192,15,4512,2512,266500.724199999997,4691302.963999999687,0.0025,-0.0025,,,,,5535,4583,TRUE,pose-only,1,"[{""X"": 266508.4276, ""Y"": 4691298.125, ""Z"": 177.8688965, ""col"": 2880.4808429941845, ""row"": 580.8764826695972}, {""X"": 266508.7292, ""Y"": 4691296.627, ""Z"": 177.8638611, ""col"": 2830.521317998546, ""row"": 1716.0096199754123}, {""X"": 266511.5599, ""Y"": 4691297.882, ""Z"": 177.835556, ""col"": 4301.221168594495, ""row"": 1294.2872709739586}, {""X"": 266511.4389, ""Y"": 4691298.467, ""Z"": 177.8348083, ""col"": 4305.264709097402, ""row"": 975.6326237695971}, {""X"": 266511.3605, ""Y"": 4691298.94, ""Z"": 177.8356476, ""col"": 4291.057361581411, ""row"": 727.4492541695972}, {""X"": 266511.146, ""Y"": 4691299.964, ""Z"": 177.8355103, ""col"": 4206.489557743809, ""row"": 235.7361272166994}, {""X"": 266505.5369, ""Y"": 4691294.805, ""Z"": 177.8445587, ""col"": 658.1071055029075, ""row"": 2181.5026819841355}, {""X"": 266505.3487, ""Y"": 4691295.521, ""Z"": 177.8509827, ""col"": 584.1601588043613, ""row"": 1774.831866984135}, {""X"": 266505.15, ""Y"": 4691296.262, ""Z"": 177.8459625, ""col"": 543.3374274970924, ""row"": 1314.1877469812273}, {""X"": 266505.0978, ""Y"": 4691296.493, ""Z"": 177.8460541, ""col"": 542.6248622970925, ""row"": 1179.4231449855888}, {""X"": 266504.777, ""Y"": 4691297.682, ""Z"": 177.8538055, ""col"": 595.7751683, ""row"": 439.9384807826812}, {""X"": 266504.7716, ""Y"": 4691297.744, ""Z"": 177.8557892, ""col"": 600.9141908912774, ""row"": 399.23390728558877}, {""X"": 266503.7242, ""Y"": 4691297.655, ""Z"": 178.179657, ""col"": 195.9020658380602, ""row"": 381.4656488812275}, {""X"": 266504.0732, ""Y"": 4691295.95, ""Z"": 178.1605377, ""col"": 98.5191099762967, ""row"": 1317.8194029797737}, {""X"": 266504.4251, ""Y"": 4691294.508, ""Z"": 178.1682434, ""col"": 204.14208434969032, ""row"": 2099.4553919826817}]",266495.000000000000,4691250.000000000000,0,EPSG:26919
NVR3_N910A6_ch5_main,20251120,2692.975854000000,0,2257.843196000000,0,2680.718683000000,1328.330264000000,0,0,1,-0.302779007,0.683157618,-0.902569254,0.39775163,3.119739931,0.242382307,0.020593663,-22.09381323,53.88888351,180.3732916,2.899113922,16,4512,2512,266499.096200000029,4691309.211000000127,0.0025,-0.0025,,,,,5769,4172,FALSE,,0,,266495.000000000000,4691250.000000000000,0,EPSG:26919
NVR3_N910A6_ch6_main,20251218,2325.630552000000,0,2269.708414000000,0,2328.019972000000,1204.404561000000,0,0,1,-0.006240516,0.064929383,-0.194182912,0.096567304,0.181307392,-3.135855304,-0.008003491,17.16048345,-57.36993311,180.5284118,13.41951604,10,4512,2512,266499.748003060056,4691312.437238082290,0.005,-0.005,266499.748003060056,266511.881893436541,4691304.187277685851,4691312.437238082290,,,TRUE,pose-only,0,"[{""X"": 266501.74800306006, ""Y"": 4691309.602016951, ""Z"": 177.8311309814453, ""col"": 4084.802189098924, ""row"": 2234.286202962552}, {""X"": 266501.8789169674, ""Y"": 4691309.082126688, ""Z"": 177.80763244628906, ""col"": 4129.89295026449, ""row"": 1988.4690305471836}, {""X"": 266502.35768782883, ""Y"": 4691307.189576521, ""Z"": 177.82162475585938, ""col"": 4121.697511618679, ""row"": 893.0295525631083}, {""X"": 266502.4950560096, ""Y"": 4691306.589097519, ""Z"": 177.8475799560547, ""col"": 4053.2438777696075, ""row"": 548.2577069035144}, {""X"": 266502.58728399023, ""Y"": 4691306.209510728, ""Z"": 177.8520050048828, ""col"": 4002.461721475643, ""row"": 333.71311315275875}, {""X"": 266508.99707833794, ""Y"": 4691310.437238082, ""Z"": 177.82882690429688, ""col"": 336.55848810625037, ""row"": 2159.393417819952}, {""X"": 266509.1271425124, ""Y"": 4691309.776927359, ""Z"": 177.8202362060547, ""col"": 250.7836450672491, ""row"": 1841.4703469713975}, {""X"": 266509.3594596038, ""Y"": 4691308.738566875, ""Z"": 177.83164978027344, ""col"": 177.4128480010558, ""row"": 1310.593370818182}, {""X"": 266509.6154, ""Y"": 4691307.455000676, ""Z"": 177.82772827148438, ""col"": 187.95424361865003, ""row"": 653.9105256090147}, {""X"": 266509.88189343654, ""Y"": 4691306.187277686, ""Z"": 177.82577514648438, ""col"": 288.45394409346284, ""row"": 95.68283865386104}]",266495.000000000000,4691250.000000000000,0,EPSG:26919
NVR3_N910A6_ch7_main,20251203,2325.630552000000,0,2269.708414000000,0,2328.019972000000,1204.404561000000,0,0,1,-0.006240516,0.064929383,-0.194182912,0.096567304,3.062604891,0.41078927,0.135208977,-44.50780303,72.08977528,175.6922096,3.218942539,8,4512,2512,266501.881300000008,4691325.684999999590,0.0025,-0.0025,,,,,3877,3884,TRUE,pose-only,7,"[{""X"": 266506.9854, ""Y"": 4691320.939, ""Z"": 177.8209839, ""col"": 3372.788788664455, ""row"": 1432.7118266958682}, {""X"": 266508.0831, ""Y"": 4691321.217, ""Z"": 177.8337708, ""col"": 3803.9419292788493, ""row"": 1421.8646229319259}, {""X"": 266508.4489, ""Y"": 4691319.75, ""Z"": 177.8368988, ""col"": 3734.5226098990593, ""row"": 2120.9215855477737}, {""X"": 266508.5725, ""Y"": 4691319.205, ""Z"": 177.8306885, ""col"": 3679.917113515182, ""row"": 2345.0319793681015}, {""X"": 266507.2009, ""Y"": 4691319.359, ""Z"": 177.8435211, ""col"": 3235.148051081901, ""row"": 2252.646417254746}, {""X"": 266507.7169, ""Y"": 4691322.685, ""Z"": 177.8450775, ""col"": 3781.2945285163605, ""row"": 694.7130441847354}, {""X"": 266505.7036, ""Y"": 4691318.973, ""Z"": 177.78914, ""col"": 2435.3456539206218, ""row"": 2326.417163036508}, {""X"": 266504.8813, ""Y"": 4691320.916, ""Z"": 177.78577, ""col"": 2268.5080766644546, ""row"": 1137.371666167984}]",266495.000000000000,4691250.000000000000,0,EPSG:26919
NVR3_N910A6_ch8_main,20251203,2325.630552000000,0,2269.708414000000,0,2328.019972000000,1204.404561000000,0,0,1,-0.006240516,0.064929383,-0.194182912,0.096567304,-3.083055038,-0.297756315,-0.285770306,-50.18099846,59.41415357,178.607657,26.9369717,5,4512,2512,266492.699800000002,4691323.083999999799,0.0025,-0.0025,,,,,7063,3302,TRUE,pose-only,6,"[{""X"": 266497.8059, ""Y"": 4691318.595, ""Z"": 177.8340912, ""col"": 871.7856889079011, ""row"": 1887.1339020286125}, {""X"": 266498.1596, ""Y"": 4691317.831, ""Z"": 177.8373108, ""col"": 1042.2469897080787, ""row"": 2301.977905843083}, {""X"": 266495.6998, ""Y"": 4691320.084, ""Z"": 177.8320923, ""col"": 153.6295496993501, ""row"": 882.0311133652194}, {""X"": 266507.3553, ""Y"": 4691318.645, ""Z"": 177.845932, ""col"": 4268.2482842713325, ""row"": 2060.0190537780168}, {""X"": 266499.1368, ""Y"": 4691318.38, ""Z"": 177.78679, ""col"": 1578.3405708539915, ""row"": 2162.37067041131}]",266495.000000000000,4691250.000000000000,0,EPSG:26919
