image_name,channel,camera_name,X,Y,Z,col_sample,row_sample
N910A6_ch01_main_20251001180000_20251001180626.tiff,1,NVR1_N910A6_ch1_main,-2.813935609,1.8937527506956293,-8.119609833,1544.1356,2087.7783
N910A6_ch01_main_20251001180000_20251001180626.tiff,1,NVR1_N910A6_ch1_main,-3.605592435,1.6852737291490891,-8.135971069,1156.6011,2049.2673
N910A6_ch01_main_20251001180000_20251001180626.tiff,1,NVR1_N910A6_ch1_main,-4.260048558,1.270330830929008,-8.072817802,880.23285,2077.139
N910A6_ch01_main_20251001180000_20251001180626.tiff,1,NVR1_N910A6_ch1_main,-6.467811196,-0.178747859,-7.786083221,215.73618,2132.3281
N910A6_ch01_main_20251001180000_20251001180626.tiff,1,NVR1_N910A6_ch1_main,-7.083419113,1.5984239226048202,-7.792026043,80.85541,1498.0397
N910A6_ch01_main_20251001180000_20251001180626.tiff,1,NVR1_N910A6_ch1_main,-7.056973812,1.5243770804720667,-7.793139458,79.68252,1526.7756
N910A6_ch01_main_20251001180000_20251001180626.tiff,1,NVR1_N910A6_ch1_main,-7.221195319,2.555144140839979,-7.774570942,89.03108,1145.3522
N910A6_ch01_main_20251001180000_20251001180626.tiff,1,NVR1_N910A6_ch1_main,-7.128839238,2.5028090284636932,-7.775325775,103.92584,1172.6592
N910A6_ch01_main_20251001180000_20251001180626.tiff,1,NVR1_N910A6_ch1_main,-7.279687504,2.467405864209146,-7.773238659,72.89509,1168.9355
N910A6_ch01_main_20251001180000_20251001180626.tiff,1,NVR1_N910A6_ch1_main,-7.687467636,4.323923663718082,-7.783725262,189.44292,476.39597
N910A6_ch01_main_20251001180000_20251001180626.tiff,1,NVR1_N910A6_ch1_main,-7.912239535,5.139931162909822,-7.786174774,270.03265,206.83833
N910A6_ch01_main_20251001180000_20251001180626.tiff,1,NVR1_N910A6_ch1_main,-4.719054643,3.3215655957669035,-8.055655479,877.52454,1158.4661
N910A6_ch01_main_20251001180000_20251001180626.tiff,1,NVR1_N910A6_ch1_main,-5.409158464,4.078310213195548,-8.053502083,737.7844,744.8841
N910A6_ch01_main_20251001180000_20251001180626.tiff,1,NVR1_N910A6_ch1_main,-5.43980994,4.552548129307655,-8.05423069,799.31696,550.571
N910A6_ch01_main_20251001180000_20251001180626.tiff,1,NVR1_N910A6_ch1_main,-6.381609525,3.994186666110981,-8.074741364,457.48456,693.0892
N910A6_ch01_main_20251001180000_20251001180626.tiff,1,NVR1_N910A6_ch1_main,-5.430795665,5.917456715944969,-8.059161186,1037.4681,40.535473
N910A6_ch01_main_20251001180000_20251001180626.tiff,1,NVR1_N910A6_ch1_main,-2.556211772,5.194979783807063,-8.071528435,2116.0247,598.90594
N910A6_ch01_main_20251001180000_20251001180626.tiff,1,NVR1_N910A6_ch1_main,-2.054926751,4.830073775273589,-8.075249672,2310.8618,833.3577
N910A6_ch01_main_20251001180000_20251001180626.tiff,1,NVR1_N910A6_ch1_main,-1.948035091,4.977510546398224,-8.074999809,2369.3972,796.6638
N910A6_ch01_main_20251001180000_20251001180626.tiff,1,NVR1_N910A6_ch1_main,-1.80428424,4.903792160835907,-8.075750351,2427.059,834.2314
N910A6_ch01_main_20251001180000_20251001180626.tiff,1,NVR1_N910A6_ch1_main,-0.092489456,5.885525143158971,-8.095290184,3145.2324,703.1292
N910A6_ch01_main_20251001180000_20251001180626.tiff,1,NVR1_N910A6_ch1_main,0.085251706,7.971335978909692,-7.797993183,3266.825,60.785393
N910A6_ch01_main_20251001180000_20251001180626.tiff,1,NVR1_N910A6_ch1_main,0.11715753533644602,7.893343952791746,-7.795101643,3270.4858,79.089745
N910A6_ch01_main_20251001180000_20251001180626.tiff,1,NVR1_N910A6_ch1_main,0.42157741269329563,7.1401564047166035,-7.790985584,3365.1138,332.2273
N910A6_ch01_main_20251001180000_20251001180626.tiff,1,NVR1_N910A6_ch1_main,0.6948252062429674,6.188228999397603,-7.802196026,3431.426,685.73193
N910A6_ch01_main_20251001180000_20251001180626.tiff,1,NVR1_N910A6_ch1_main,0.905764886,5.3861408476677255,-7.794316769,3459.6873,1019.0104
N910A6_ch01_main_20251001180000_20251001180626.tiff,1,NVR1_N910A6_ch1_main,1.0515858444850892,4.426338937888574,-7.803527355,3425.3809,1408.758
N910A6_ch01_main_20251001180000_20251001180626.tiff,1,NVR1_N910A6_ch1_main,1.0707095003454015,4.349844313943322,-7.798618317,3421.8833,1441.9844
N910A6_ch01_main_20251001180000_20251001180626.tiff,1,NVR1_N910A6_ch1_main,1.5751976678147912,3.628241897698796,-7.790495872,3415.7979,1771.6938
N910A6_ch01_main_20251001180000_20251001180626.tiff,1,NVR1_N910A6_ch1_main,1.7421584542025812,2.711307160725052,-7.80145359,3365.5066,2090.5908
N910A6_ch01_main_20251001180000_20251001180626.tiff,1,NVR1_N910A6_ch1_main,1.7666364388423972,2.623885782110112,-7.799031734,3359.8672,2120.9028
N910A6_ch01_main_20251001180000_20251001180626.tiff,1,NVR1_N910A6_ch1_main,-7.553320385,3.377464974938274,-7.780880928,102.95606,813.3897
N910A6_ch01_main_20251001180000_20251001180626.tiff,1,NVR1_N910A6_ch1_main,-7.52936747,3.294960493604275,-7.777501583,98.10607,848.3665
N910A6_ch01_main_20251001180000_20251001180626.tiff,1,NVR1_N910A6_ch1_main,-7.414540228,4.313526429,-7.829594612,231.55699,488.87335
N910A6_ch01_main_20251001180000_20251001180626.tiff,1,NVR1_N910A6_ch1_main,-6.951823417,2.5443692647625085,-7.786476135,131.29533,1180.1593
N910A6_ch01_main_20251001180000_20251001180626.tiff,1,NVR1_N910A6_ch1_main,0.3711196561343968,7.058462891249476,-7.789384365,3350.9487,348.60663
N910A6_ch01_main_20251001180000_20251001180626.tiff,1,NVR1_N910A6_ch1_main,0.1885106260306202,6.998394131347179,-7.83154583,3310.2913,338.59503
N910A6_ch01_main_20251001180000_20251001180626.tiff,1,NVR1_N910A6_ch1_main,0.10715999634703621,7.670551433083787,-7.782996655,3278.4128,129.86942
N910A6_ch01_main_20251001180000_20251001180626.tiff,1,NVR1_N910A6_ch1_main,0.079406005,7.785036654628306,-7.785191536,3271.8416,95.604515
N910A6_ch02_main_20251001180001_20251001180626.tiff,2,NVR1_N910A6_ch2_main,-6.815118093,7.007532225601775,-8.123700142,482.59955,593.3913
N910A6_ch02_main_20251001180001_20251001180626.tiff,2,NVR1_N910A6_ch2_main,-5.98347453,8.115519982645308,-8.066366196,880.0227,176.9519
N910A6_ch02_main_20251001180001_20251001180626.tiff,2,NVR1_N910A6_ch2_main,-5.429574753,5.914664156443069,-8.059538841,834.48303,1218.7836
N910A6_ch02_main_20251001180001_20251001180626.tiff,2,NVR1_N910A6_ch2_main,-8.139033614,6.150328120792695,-7.78631258,68.44772,824.7972
N910A6_ch02_main_20251001180001_20251001180626.tiff,2,NVR1_N910A6_ch2_main,-7.91073792,5.136010250373263,-7.786174774,87.86491,1208.1945
N910A6_ch02_main_20251001180001_20251001180626.tiff,2,NVR1_N910A6_ch2_main,-6.378077508,3.993052219258888,-8.074741364,487.9383,1761.0437
N910A6_ch02_main_20251001180001_20251001180626.tiff,2,NVR1_N910A6_ch2_main,-5.407261918,4.078554594795738,-8.053502083,778.162,1891.3853
N910A6_ch02_main_20251001180001_20251001180626.tiff,2,NVR1_N910A6_ch2_main,-5.442069412,4.550941997558854,-8.05423069,772.6763,1736.811
N910A6_ch02_main_20251001180001_20251001180626.tiff,2,NVR1_N910A6_ch2_main,-2.555164106,5.195730608765375,-8.071528435,1985.1625,1865.107
N910A6_ch02_main_20251001180001_20251001180626.tiff,2,NVR1_N910A6_ch2_main,-3.01653347,6.9437418368558665,-8.076449394,2030.6036,1084.78
N910A6_ch02_main_20251001180001_20251001180626.tiff,2,NVR1_N910A6_ch2_main,-0.093145289,5.882190049156445,-8.095290184,2952.9143,1771.412
N910A6_ch02_main_20251001180001_20251001180626.tiff,2,NVR1_N910A6_ch2_main,0.6918766578310169,6.183468742,-7.801033497,3243.4756,1737.01
N910A6_ch02_main_20251001180001_20251001180626.tiff,2,NVR1_N910A6_ch2_main,0.5115292342961766,7.101491232953095,-7.796264648,3326.8362,1416.2167
N910A6_ch02_main_20251001180001_20251001180626.tiff,2,NVR1_N910A6_ch2_main,0.073758809,7.791019753268426,-7.787930489,3326.5999,1120.2985
N910A6_ch02_main_20251001180001_20251001180626.tiff,2,NVR1_N910A6_ch2_main,0.10460408555809408,7.665068206851252,-7.787291527,3320.6963,1166.8314
N910A6_ch02_main_20251001180001_20251001180626.tiff,2,NVR1_N910A6_ch2_main,0.25368959084153175,7.698483923247646,-7.787387848,3357.1587,1168.5677
N910A6_ch02_main_20251001180001_20251001180626.tiff,2,NVR1_N910A6_ch2_main,0.2305556331994012,7.8218650299420185,-7.79060936,3362.3677,1121.6875
N910A6_ch02_main_20251001180001_20251001180626.tiff,2,NVR1_N910A6_ch2_main,-0.274087218,9.725142049394917,-7.783625126,3379.0193,344.58817
N910A6_ch02_main_20251001180001_20251001180626.tiff,2,NVR1_N910A6_ch2_main,-6.038607127,6.235772085,-8.060022354,596.91864,1006.2301
N910A6_ch02_main_20251001180001_20251001180626.tiff,2,NVR1_N910A6_ch2_main,-7.109723177,6.811914450140773,-8.095117569,396.81036,639.21814
N910A6_ch02_main_20251001180001_20251001180626.tiff,2,NVR1_N910A6_ch2_main,0.36905762285459787,7.067421934351118,-7.789055824,3297.9797,1419.3728
N910A6_ch02_main_20251001180001_20251001180626.tiff,2,NVR1_N910A6_ch2_main,0.42790459253592417,7.141754949482711,-7.790949345,3322.7783,1390.9674
N910A6_ch02_main_20251001180001_20251001180626.tiff,2,NVR1_N910A6_ch2_main,0.19561392057221383,6.993088919219522,-7.816845417,3249.285,1426.136
N910A6_ch02_main_20251001180001_20251001180626.tiff,2,NVR1_N910A6_ch2_main,0.091751888,7.976091413309983,-7.798826694,3339.9622,1046.0212
N910A6_ch02_main_20251001180001_20251001180626.tiff,2,NVR1_N910A6_ch2_main,0.1200267247040756,7.886126023012004,-7.795101643,3336.3025,1086.7362
N910A6_ch02_main_20251001180001_20251001180626.tiff,2,NVR1_N910A6_ch2_main,0.3050983846769668,7.934964377745193,-7.798888683,3393.029,1087.6512
N910A6_ch02_main_20251001180001_20251001180626.tiff,2,NVR1_N910A6_ch2_main,0.27939398790476844,8.022359328,-7.806166172,3395.3164,1044.1913
N910A6_ch02_main_20251001180001_20251001180626.tiff,2,NVR1_N910A6_ch2_main,-3.883007528,5.990729671144998,-8.074679375,1493.8253,1392.9554
N910A6_ch03_main_20251001180002_20251001180626.tiff,3,NVR1_N910A6_ch3_main,-3.705222386,12.28180623,-8.076863289,2484.848,460.18106
N910A6_ch03_main_20251001180002_20251001180626.tiff,3,NVR1_N910A6_ch3_main,-5.598885816,12.236219155072334,-8.074953079,1620.6249,274.42093
N910A6_ch03_main_20251001180002_20251001180626.tiff,3,NVR1_N910A6_ch3_main,-5.511422347,12.257494052518826,-8.073150635,1674.3387,268.89157
N910A6_ch03_main_20251001180002_20251001180626.tiff,3,NVR1_N910A6_ch3_main,-6.51639596,11.993208033425393,-8.116285324,1204.8397,301.16635
N910A6_ch03_main_20251001180002_20251001180626.tiff,3,NVR1_N910A6_ch3_main,-6.651057308,11.956482211460909,-8.07159996,1146.5232,306.68277
N910A6_ch03_main_20251001180002_20251001180626.tiff,3,NVR1_N910A6_ch3_main,-6.606170192,12.097264528993804,-8.068811417,1180.4098,248.3662
N910A6_ch03_main_20251001180002_20251001180626.tiff,3,NVR1_N910A6_ch3_main,-6.465727672,11.274655850205765,-8.07891655,1125.637,608.17474
N910A6_ch03_main_20251001180002_20251001180626.tiff,3,NVR1_N910A6_ch3_main,-6.014855595,11.720853048279942,-8.150294304,1381.7083,456.5135
N910A6_ch03_main_20251001180002_20251001180626.tiff,3,NVR1_N910A6_ch3_main,-5.924890299,11.74527220020836,-8.140202522,1429.7253,454.98914
N910A6_ch03_main_20251001180002_20251001180626.tiff,3,NVR1_N910A6_ch3_main,-5.442869899,11.706710596411087,-8.122974396,1627.6578,503.2303
N910A6_ch03_main_20251001180002_20251001180626.tiff,3,NVR1_N910A6_ch3_main,-8.471093372,12.170828185153221,-8.100007057,593.8914,158.40144
N910A6_ch03_main_20251001180002_20251001180626.tiff,3,NVR1_N910A6_ch3_main,-8.290164377,11.38616715890039,-8.093968391,540.4373,451.25958
N910A6_ch03_main_20251001180002_20251001180626.tiff,3,NVR1_N910A6_ch3_main,-8.216077845,11.092461090764562,-8.092352867,533.5529,538.2534
N910A6_ch03_main_20251001180002_20251001180626.tiff,3,NVR1_N910A6_ch3_main,-8.0223522,10.298879073293781,-8.090532303,506.0349,892.5213
N910A6_ch03_main_20251001180002_20251001180626.tiff,3,NVR1_N910A6_ch3_main,-9.062958292,9.50100655,-7.790140152,162.42441,1104.4342
N910A6_ch03_main_20251001180002_20251001180626.tiff,3,NVR1_N910A6_ch3_main,-8.865059156,8.671766251479786,-7.788889885,186.53897,1423.5457
N910A6_ch03_main_20251001180002_20251001180626.tiff,3,NVR1_N910A6_ch3_main,-5.98835069,8.111203365,-8.066287994,1074.9431,2001.8402
N910A6_ch03_main_20251001180002_20251001180626.tiff,3,NVR1_N910A6_ch3_main,-2.164720145,10.597134911994639,-8.123414993,2931.8528,1373.0088
N910A6_ch03_main_20251001180002_20251001180626.tiff,3,NVR1_N910A6_ch3_main,-2.061155925,10.623689840533338,-8.115819931,2973.5173,1367.3273
N910A6_ch03_main_20251001180002_20251001180626.tiff,3,NVR1_N910A6_ch3_main,-1.90727489,11.729622423218988,-8.091905594,3119.755,917.4693
N910A6_ch03_main_20251001180002_20251001180626.tiff,3,NVR1_N910A6_ch3_main,-2.228832347,12.761370400487701,-8.09573555,3064.1755,472.6649
N910A6_ch03_main_20251001180002_20251001180626.tiff,3,NVR1_N910A6_ch3_main,-2.548444585,13.798549002153141,-8.096551895,2985.4763,65.85342
N910A6_ch03_main_20251001180002_20251001180626.tiff,3,NVR1_N910A6_ch3_main,-1.523489068,14.169977137406319,-7.78699398,3330.238,74.87443
N910A6_ch03_main_20251001180002_20251001180626.tiff,3,NVR1_N910A6_ch3_main,-1.281544369,13.269210799865137,-7.790832043,3399.8137,401.5011
N910A6_ch03_main_20251001180002_20251001180626.tiff,3,NVR1_N910A6_ch3_main,-1.050479058,12.455395291665168,-7.781446934,3449.565,732.6256
N910A6_ch03_main_20251001180002_20251001180626.tiff,3,NVR1_N910A6_ch3_main,-0.762744173,11.498732979995602,-7.779035568,3467.4993,1124.7062
N910A6_ch03_main_20251001180002_20251001180626.tiff,3,NVR1_N910A6_ch3_main,-0.603391791,10.901731903924794,-7.771249771,3461.1772,1360.6187
N910A6_ch03_main_20251001180002_20251001180626.tiff,3,NVR1_N910A6_ch3_main,-0.279618799,9.729964287602566,-7.782579422,3396.5295,1812.7246
N910A6_ch03_main_20251001180002_20251001180626.tiff,3,NVR1_N910A6_ch3_main,-9.33282,10.438846131638297,-7.786476135,163.77611,738.3559
N910A6_ch03_main_20251001180002_20251001180626.tiff,3,NVR1_N910A6_ch3_main,-9.478397139,11.470813336435976,-7.781894207,210.99312,385.10278
N910A6_ch03_main_20251001180002_20251001180626.tiff,3,NVR1_N910A6_ch3_main,-9.669496516,12.190131974007526,-7.789740086,259.0629,139.58177
N910A6_ch03_main_20251001180002_20251001180626.tiff,3,NVR1_N910A6_ch3_main,-9.176419471,9.518462116,-7.78883791,138.38733,1087.9475
N910A6_ch03_main_20251001180002_20251001180626.tiff,3,NVR1_N910A6_ch3_main,-9.121680918,9.628818466491492,-7.788025856,156.66109,1054.4456
N910A6_ch03_main_20251001180002_20251001180626.tiff,3,NVR1_N910A6_ch3_main,-9.025137902,9.579556596654792,-7.784914494,172.90442,1078.8105
N910A6_ch03_main_20251001180002_20251001180626.tiff,3,NVR1_N910A6_ch3_main,-8.804520259,9.672516734,-7.986605167,191.17818,1078.8105
N910A6_ch03_main_20251001180002_20251001180626.tiff,3,NVR1_N910A6_ch3_main,-9.397934208,11.410870107691279,-7.780366898,221.795,403.82574
N910A6_ch03_main_20251001180002_20251001180626.tiff,3,NVR1_N910A6_ch3_main,-9.216892587,11.460822763159683,-7.883370876,255.99004,392.6055
N910A6_ch03_main_20251001180002_20251001180626.tiff,3,NVR1_N910A6_ch3_main,-1.112502142,12.35615835719061,-7.779864788,3429.6633,749.95435
N910A6_ch04_main_20251001180003_20251001180626.tiff,4,NVR1_N910A6_ch4_main,-5.616607212,13.890916002552917,-8.077129364,1973.6932,1176.9647
N910A6_ch04_main_20251001180003_20251001180626.tiff,4,NVR1_N910A6_ch4_main,-4.208899272,14.283724900275892,-8.075247765,2638.5107,1126.9785
N910A6_ch04_main_20251001180003_20251001180626.tiff,4,NVR1_N910A6_ch4_main,-3.704993704,12.280560077152817,-8.076863289,2597.8591,1967.4204
N910A6_ch04_main_20251001180003_20251001180626.tiff,4,NVR1_N910A6_ch4_main,-1.908443074,11.725931075861746,-8.091905594,3073.3408,2143.8594
N910A6_ch04_main_20251001180003_20251001180626.tiff,4,NVR1_N910A6_ch4_main,-2.223229376,12.759402095947232,-8.095405579,3127.3171,1830.3691
N910A6_ch04_main_20251001180003_20251001180626.tiff,4,NVR1_N910A6_ch4_main,-2.551104328,13.794903960218917,-8.096923828,3168.5828,1448.309
N910A6_ch04_main_20251001180003_20251001180626.tiff,4,NVR1_N910A6_ch4_main,-3.01638282,15.309718261787312,-8.092766762,3163.3591,801.3555
N910A6_ch04_main_20251001180003_20251001180626.tiff,4,NVR1_N910A6_ch4_main,-1.521964169,14.173372164103805,-7.78699398,3523.2034,1382.3535
N910A6_ch04_main_20251001180003_20251001180626.tiff,4,NVR1_N910A6_ch4_main,-1.279128801,13.268009126448572,-7.790832043,3470.1772,1712.1567
N910A6_ch04_main_20251001180003_20251001180626.tiff,4,NVR1_N910A6_ch4_main,-1.047773045,12.431074509181604,-7.779522419,3407.2446,1965.0295
N910A6_ch04_main_20251001180003_20251001180626.tiff,4,NVR1_N910A6_ch4_main,-3.184097188,15.840335881928997,-8.09203434,3138.7742,563.6186
N910A6_ch04_main_20251001180003_20251001180626.tiff,4,NVR1_N910A6_ch4_main,-3.368544342,16.455640502015598,-8.09384346,3099.363,307.1355
N910A6_ch04_main_20251001180003_20251001180626.tiff,4,NVR1_N910A6_ch4_main,-2.254536074,16.797085281480314,-7.783722401,3476.0815,316.50662
N910A6_ch04_main_20251001180003_20251001180626.tiff,4,NVR1_N910A6_ch4_main,-2.487565116,17.636065252973303,-7.776469707,3410.5005,17.668764
N910A6_ch04_main_20251001180003_20251001180626.tiff,4,NVR1_N910A6_ch4_main,-8.470438882,12.170835148098323,-8.100007057,749.7728,1588.2826
N910A6_ch04_main_20251001180003_20251001180626.tiff,4,NVR1_N910A6_ch4_main,-8.229367615,11.160522389233424,-8.092281342,834.6602,1937.6101
N910A6_ch04_main_20251001180003_20251001180626.tiff,4,NVR1_N910A6_ch4_main,-8.289651454,11.387473313450874,-8.093968391,811.2766,1863.672
N910A6_ch04_main_20251001180003_20251001180626.tiff,4,NVR1_N910A6_ch4_main,-8.652244677,12.93615854183895,-8.091861725,702.6921,1287.9883
N910A6_ch04_main_20251001180003_20251001180626.tiff,4,NVR1_N910A6_ch4_main,-8.857415473,13.81420097608519,-8.086135864,673.3967,920.4576
N910A6_ch04_main_20251001180003_20251001180626.tiff,4,NVR1_N910A6_ch4_main,-8.896807339,13.961402163162456,-8.097434044,670.49304,862.0383
N910A6_ch04_main_20251001180003_20251001180626.tiff,4,NVR1_N910A6_ch4_main,-8.987232925,14.347750443143973,-8.098219872,670.61755,699.18604
N910A6_ch04_main_20251001180003_20251001180626.tiff,4,NVR1_N910A6_ch4_main,-9.09987551,14.877310368436778,-8.099206924,683.02905,484.5772
N910A6_ch04_main_20251001180003_20251001180626.tiff,4,NVR1_N910A6_ch4_main,-9.294159595,15.671395340526267,-8.098437309,707.7469,180.9012
N910A6_ch04_main_20251001180003_20251001180626.tiff,4,NVR1_N910A6_ch4_main,-10.08733766,13.154175640998387,-7.790402889,303.8361,1114.6235
N910A6_ch04_main_20251001180003_20251001180626.tiff,4,NVR1_N910A6_ch4_main,-10.4245662,13.996479602401319,-7.793613434,265.19052,769.5919
N910A6_ch04_main_20251001180003_20251001180626.tiff,4,NVR1_N910A6_ch4_main,-10.39900787,13.910510682731795,-7.796834469,264.0892,802.0812
N910A6_ch04_main_20251001180003_20251001180626.tiff,4,NVR1_N910A6_ch4_main,-10.57286156,14.93318748893983,-7.789144516,300.73514,431.84082
N910A6_ch04_main_20251001180003_20251001180626.tiff,4,NVR1_N910A6_ch4_main,-9.585025831,11.402816554821326,-7.78148365,431.63452,1738.4445
N910A6_ch04_main_20251001180003_20251001180626.tiff,4,NVR1_N910A6_ch4_main,-9.335041843,10.438592598307979,-7.786153316,530.05396,2035.9119
N910A6_ch04_main_20251001180003_20251001180626.tiff,4,NVR1_N910A6_ch4_main,-6.384768178,11.464820069154129,-8.119213104,1478.3605,2053.9114
N910A6_ch04_main_20251001180003_20251001180626.tiff,4,NVR1_N910A6_ch4_main,-6.01199772,11.718981744040654,-8.145009041,1634.406,2008.4767
N910A6_ch04_main_20251001180003_20251001180626.tiff,4,NVR1_N910A6_ch4_main,-5.923041135,11.742279897573797,-8.134011269,1673.655,2007.7072
N910A6_ch04_main_20251001180003_20251001180626.tiff,4,NVR1_N910A6_ch4_main,-6.647401908,11.956199307273822,-8.07159996,1386.1609,1874.356
N910A6_ch04_main_20251001180003_20251001180626.tiff,4,NVR1_N910A6_ch4_main,-6.607159643,12.093870214507675,-8.069038391,1406.8958,1827.9369
N910A6_ch04_main_20251001180003_20251001180626.tiff,4,NVR1_N910A6_ch4_main,-6.350400454,11.310964319448523,-8.105565071,1428.6483,2108.1763
N910A6_ch04_main_20251001180003_20251001180626.tiff,4,NVR1_N910A6_ch4_main,-5.089788973,13.352214645537888,-8.09543705,2160.695,1464.4445
N910A6_ch04_main_20251001180003_20251001180626.tiff,4,NVR1_N910A6_ch4_main,-4.242126544,13.621565324045083,-8.071685791,2558.9368,1415.8402
N910A6_ch04_main_20251001180003_20251001180626.tiff,4,NVR1_N910A6_ch4_main,-1.108615615,12.351979167248205,-7.778393745,3385.976,2000.0056
N910A6_ch04_main_20251001180003_20251001180626.tiff,4,NVR1_N910A6_ch4_main,-0.954582322,12.40190231179304,-7.784002781,3418.3684,1980.4584
N910A6_ch05_main_20251001180004_20251001180626.tiff,5,NVR1_N910A6_ch5_main,-5.052688246,18.097209907549654,-8.169219971,2987.2576,1246.1097
N910A6_ch05_main_20251001180004_20251001180626.tiff,5,NVR1_N910A6_ch5_main,-4.010082848,18.64913090889559,-8.09487915,3382.7395,1104.6617
N910A6_ch05_main_20251001180004_20251001180626.tiff,5,NVR1_N910A6_ch5_main,-3.653040395,17.421557971048706,-8.094864845,3367.192,1618.3708
N910A6_ch05_main_20251001180004_20251001180626.tiff,5,NVR1_N910A6_ch5_main,-3.366967259,16.454050349726497,-8.09384346,3319.9338,1974.3026
N910A6_ch05_main_20251001180004_20251001180626.tiff,5,NVR1_N910A6_ch5_main,-2.260159666,16.799374319540387,-7.783722401,3646.7742,1888.2245
N910A6_ch05_main_20251001180004_20251001180626.tiff,5,NVR1_N910A6_ch5_main,-2.488403967,17.633648310938504,-7.77681303,3701.129,1599.8597
N910A6_ch05_main_20251001180004_20251001180626.tiff,5,NVR1_N910A6_ch5_main,-2.775103385,18.563524940454865,-7.791985035,3720.0012,1235.8552
N910A6_ch05_main_20251001180004_20251001180626.tiff,5,NVR1_N910A6_ch5_main,-3.001465421,19.37070547134868,-7.788236141,3707.0645,910.8108
N910A6_ch05_main_20251001180004_20251001180626.tiff,5,NVR1_N910A6_ch5_main,-3.127778883,19.89515492501953,-7.79340744,3687.0928,707.4959
N910A6_ch05_main_20251001180004_20251001180626.tiff,5,NVR1_N910A6_ch5_main,-3.321003377,20.81724109333243,-7.783790588,3635.9575,368.54044
N910A6_ch05_main_20251001180004_20251001180626.tiff,5,NVR1_N910A6_ch5_main,-3.39399183,21.223891050283328,-7.783709526,3607.8723,239.38274
N910A6_ch05_main_20251001180004_20251001180626.tiff,5,NVR1_N910A6_ch5_main,-4.226142259,19.455071542618295,-8.091564178,3355.769,764.4792
N910A6_ch05_main_20251001180004_20251001180626.tiff,5,NVR1_N910A6_ch5_main,-4.437877302,20.327107784046998,-8.092247963,3309.1453,412.8011
N910A6_ch05_main_20251001180004_20251001180626.tiff,5,NVR1_N910A6_ch5_main,-6.873950535,18.75448017372138,-8.075006485,2286.3425,775.0344
N910A6_ch05_main_20251001180004_20251001180626.tiff,5,NVR1_N910A6_ch5_main,-8.243797717,16.359309462294668,-8.169586182,1460.2334,1672.5056
N910A6_ch05_main_20251001180004_20251001180626.tiff,5,NVR1_N910A6_ch5_main,-9.293344181,15.672021532065862,-8.098437309,1021.13715,1796.4004
N910A6_ch05_main_20251001180004_20251001180626.tiff,5,NVR1_N910A6_ch5_main,-9.650851911,17.220392932321932,-8.09664917,988.5077,1163.7214
N910A6_ch05_main_20251001180004_20251001180626.tiff,5,NVR1_N910A6_ch5_main,-9.910654517,18.265845684065063,-8.093823433,1002.0971,721.57043
N910A6_ch05_main_20251001180004_20251001180626.tiff,5,NVR1_N910A6_ch5_main,-10.11619915,19.179307375823615,-8.092378616,1033.7803,359.77045
N910A6_ch05_main_20251001180004_20251001180626.tiff,5,NVR1_N910A6_ch5_main,-11.43968,18.524132366111413,-7.77940464,532.3924,547.4461
N910A6_ch05_main_20251001180004_20251001180626.tiff,5,NVR1_N910A6_ch5_main,-10.71871644,16.445640006646983,-7.775266647,569.4724,1359.9014
N910A6_ch05_main_20251001180004_20251001180626.tiff,5,NVR1_N910A6_ch5_main,-10.56753821,14.932061341975526,-7.789144516,593.45166,1879.6323
N910A6_ch05_main_20251001180004_20251001180626.tiff,5,NVR1_N910A6_ch5_main,-9.098208665,14.875236896684152,-8.099131584,1067.1517,2078.1892
N910A6_ch05_main_20251001180004_20251001180626.tiff,5,NVR1_N910A6_ch5_main,-9.104405671,20.347779431414374,-8.168912888,1524.7001,1.9545074
N910A6_ch05_main_20251001180004_20251001180626.tiff,5,NVR1_N910A6_ch5_main,-10.84303524,16.186033092192773,-7.747601032,520.2303,1436.0212
N910A6_ch05_main_20251001180004_20251001180626.tiff,5,NVR1_N910A6_ch5_main,-10.81012732,16.120217254719584,-7.747267246,526.9825,1463.5494
N910A6_ch05_main_20251001180004_20251001180626.tiff,5,NVR1_N910A6_ch5_main,-10.67483921,16.332290508786514,-7.776682854,585.1895,1407.1052
N910A6_ch05_main_20251001180004_20251001180626.tiff,5,NVR1_N910A6_ch5_main,-10.76990653,16.697934050282495,-7.79647398,570.9814,1250.816
N910A6_ch06_main_20251001180005_20251001180626.tiff,6,NVR1_N910A6_ch6_main,-5.922103317,21.40974523025121,-8.168259621,2474.4258,1222.0564
N910A6_ch06_main_20251001180005_20251001180626.tiff,6,NVR1_N910A6_ch6_main,-4.854132065,22.005293036804186,-8.095898628,2919.6965,1062.9836
N910A6_ch06_main_20251001180005_20251001180626.tiff,6,NVR1_N910A6_ch6_main,-4.73148064,21.48840488839063,-8.095569611,2907.1274,1282.5297
N910A6_ch06_main_20251001180005_20251001180626.tiff,6,NVR1_N910A6_ch6_main,-5.305567961,23.773850074126013,-8.086543083,2878.9224,334.97803
N910A6_ch06_main_20251001180005_20251001180626.tiff,6,NVR1_N910A6_ch6_main,-3.950512337,24.29415398,-7.781670094,3317.7888,322.29892
N910A6_ch06_main_20251001180005_20251001180626.tiff,6,NVR1_N910A6_ch6_main,-3.576112162,23.042065411546883,-7.769642353,3375.8535,796.2087
N910A6_ch06_main_20251001180005_20251001180626.tiff,6,NVR1_N910A6_ch6_main,-3.48299425,22.18757163099046,-7.786055088,3354.3713,1108.3892
N910A6_ch06_main_20251001180005_20251001180626.tiff,6,NVR1_N910A6_ch6_main,-3.384242033,21.22231519107085,-7.782692432,3298.1985,1466.0151
N910A6_ch06_main_20251001180005_20251001180626.tiff,6,NVR1_N910A6_ch6_main,-3.31052048,20.812239058665725,-7.788805485,3270.5403,1612.5548
N910A6_ch06_main_20251001180005_20251001180626.tiff,6,NVR1_N910A6_ch6_main,-4.228353888,19.45723423759051,-8.091238022,2831.4353,2014.3899
N910A6_ch06_main_20251001180005_20251001180626.tiff,6,NVR1_N910A6_ch6_main,-4.437385751,20.32870741170221,-8.092247963,2879.2646,1730.2366
N910A6_ch06_main_20251001180005_20251001180626.tiff,6,NVR1_N910A6_ch6_main,-8.343385034,23.330315838805785,-8.046857834,1636.552,146.45877
N910A6_ch06_main_20251001180005_20251001180626.tiff,6,NVR1_N910A6_ch6_main,-8.305340102,23.19172359153036,-8.049391747,1634.9502,206.52454
N910A6_ch06_main_20251001180005_20251001180626.tiff,6,NVR1_N910A6_ch6_main,-8.19120531,23.218898541985936,-8.05341053,1684.6045,206.52454
N910A6_ch06_main_20251001180005_20251001180626.tiff,6,NVR1_N910A6_ch6_main,-8.231967736,23.36564327439581,-8.052314758,1686.2063,147.25966
N910A6_ch06_main_20251001180005_20251001180626.tiff,6,NVR1_N910A6_ch6_main,-9.104211509,20.34615856099116,-8.168912888,1025.4313,1384.9609
N910A6_ch06_main_20251001180005_20251001180626.tiff,6,NVR1_N910A6_ch6_main,-10.11625963,19.179209419845304,-8.092378616,618.23694,1720.5034
N910A6_ch06_main_20251001180005_20251001180626.tiff,6,NVR1_N910A6_ch6_main,-9.901231515,18.265629364636126,-8.093937874,697.6535,2028.3706
N910A6_ch06_main_20251001180005_20251001180626.tiff,6,NVR1_N910A6_ch6_main,-10.38282114,20.272786020141787,-8.089179039,554.6634,1277.0354
N910A6_ch06_main_20251001180005_20251001180626.tiff,6,NVR1_N910A6_ch6_main,-10.59460011,21.165787323456563,-8.093532562,536.7186,891.9826
N910A6_ch06_main_20251001180005_20251001180626.tiff,6,NVR1_N910A6_ch6_main,-10.7805026,22.009885233360034,-8.088779449,557.8326,539.3472
N910A6_ch06_main_20251001180005_20251001180626.tiff,6,NVR1_N910A6_ch6_main,-10.95149915,22.75687018909126,-8.085152626,588.1953,238.99455
N910A6_ch06_main_20251001180005_20251001180626.tiff,6,NVR1_N910A6_ch6_main,-12.47921418,22.025334432722918,-7.788914204,120.31872,463.2906
N910A6_ch06_main_20251001180005_20251001180626.tiff,6,NVR1_N910A6_ch6_main,-12.09662394,20.578558797657454,-7.782310009,88.08639,1001.3048
N910A6_ch06_main_20251001180005_20251001180626.tiff,6,NVR1_N910A6_ch6_main,-12.01068706,20.218897035978962,-7.793954849,104.15777,1146.4413
N910A6_ch06_main_20251001180005_20251001180626.tiff,6,NVR1_N910A6_ch6_main,-11.75813649,19.275763685369572,-7.786906242,144.80856,1502.3662
N910A6_ch06_main_20251001180005_20251001180626.tiff,6,NVR1_N910A6_ch6_main,-11.52988494,18.477179313701235,-7.780865192,227.55759,1787.0974
N910A6_ch07_main_20251001180006_20251001180626.tiff,7,NVR1_N910A6_ch7_main,-10.16580737,24.44625781249657,-8.168721199,1288.125488,1347.9986572265625
N910A6_ch07_main_20251001180006_20251001180626.tiff,7,NVR1_N910A6_ch7_main,-6.842358887,25.361765624989097,-8.167726517,2856.664794921875,1341.202392578125
N910A6_ch07_main_20251001180006_20251001180626.tiff,7,NVR1_N910A6_ch7_main,-8.338730958,23.326858398415673,-8.046857834,1983.5076904296875,2069.669189453125
N910A6_ch07_main_20251001180006_20251001180626.tiff,7,NVR1_N910A6_ch7_main,-8.300325196,23.186042968735304,-8.045937538,1979.966309,2127.746826171875
N910A6_ch07_main_20251001180006_20251001180626.tiff,7,NVR1_N910A6_ch7_main,-8.21871875,23.36046191405098,-8.054135323,2033.086181640625,2070.377441
N910A6_ch07_main_20251001180006_20251001180626.tiff,7,NVR1_N910A6_ch7_main,-8.185015137,23.211648437486712,-8.054911613,2030.253173828125,2128.455322265625
N910A6_ch07_main_20251001180006_20251001180626.tiff,7,NVR1_N910A6_ch7_main,-7.720881833,23.863396484366863,-8.068691254,2319.999267578125,1908.2459716796875
N910A6_ch07_main_20251001180006_20251001180626.tiff,7,NVR1_N910A6_ch7_main,-5.296833985,23.768201171856386,-8.085841179,3121.201172,2049.271240234375
N910A6_ch07_main_20251001180006_20251001180626.tiff,7,NVR1_N910A6_ch7_main,-3.937161134,24.287009765624138,-7.780937672,3518.053955078125,1912.932617
N910A6_ch07_main_20251001180006_20251001180626.tiff,7,NVR1_N910A6_ch7_main,-3.69472705,24.01715624998284,-7.775668621,3519.553711,1997.9346923828125
N910A6_ch07_main_20251001180006_20251001180626.tiff,7,NVR1_N910A6_ch7_main,-5.850942872,26.008225585923505,-8.095346451,3238.39209,1176.6968994140625
N910A6_ch07_main_20251001180006_20251001180626.tiff,7,NVR1_N910A6_ch7_main,-6.204075195,27.413220703113236,-8.0940485,3211.616455078125,600.0199584960938
N910A6_ch07_main_20251001180006_20251001180626.tiff,7,NVR1_N910A6_ch7_main,-6.478635742,28.42553027,-8.094567299,3155.654785,230.85073852539065
N910A6_ch07_main_20251001180006_20251001180626.tiff,7,NVR1_N910A6_ch7_main,-8.575394779,27.835320312488985,-8.056669235,2420.432129,95.74544525146484
N910A6_ch07_main_20251001180006_20251001180626.tiff,7,NVR1_N910A6_ch7_main,-10.94302783,22.754304687485906,-8.085802078,825.4311523,1922.093262
N910A6_ch07_main_20251001180006_20251001180626.tiff,7,NVR1_N910A6_ch7_main,-11.37235278,24.656799804684194,-8.08882618,814.4986572265625,1079.3436279296875
N910A6_ch07_main_20251001180006_20251001180626.tiff,7,NVR1_N910A6_ch7_main,-11.76354053,26.01689258,-8.089418411,864.6345215,462.5411682128906
N910A6_ch07_main_20251001180006_20251001180626.tiff,7,NVR1_N910A6_ch7_main,-12.15914844,27.19250781249917,-8.08962822,924.5792236328124,11.375375747680664
N910A6_ch07_main_20251001180006_20251001180626.tiff,7,NVR1_N910A6_ch7_main,-13.24400806,25.190481445292384,-7.734388351,282.78143310546875,645.1030273
N910A6_ch07_main_20251001180006_20251001180626.tiff,7,NVR1_N910A6_ch7_main,-12.98690967,23.011125976541305,-7.732437611,184.8730469,1519.60791
N910A6_ch07_main_20251001180006_20251001180626.tiff,7,NVR1_N910A6_ch7_main,-12.93879199,23.727288085935662,-7.774516106,229.18411254882812,1263.177246
N910A6_ch07_main_20251001180006_20251001180626.tiff,7,NVR1_N910A6_ch7_main,-13.42830859,25.546150390624735,-7.779955864,295.0612793,514.3356934
N910A6_ch07_main_20251001180006_20251001180626.tiff,7,NVR1_N910A6_ch7_main,-13.34569019,25.498938476541554,-7.778559208,309.16668701171875,536.9043579101562
N910A6_ch07_main_20251001180006_20251001180626.tiff,7,NVR1_N910A6_ch7_main,-12.69341846,22.80378222654089,-7.782774925,263.1128845214844,1629.8419189453125
N910A6_ch07_main_20251001180006_20251001180626.tiff,7,NVR1_N910A6_ch7_main,-12.47583179,22.01953906248131,-7.788914204,319.1928405761719,1928.0416259765625
N910A6_ch07_main_20251001180006_20251001180626.tiff,7,NVR1_N910A6_ch7_main,-12.38394336,21.972107421860652,-7.782738686,349.5013427734375,1960.5543212890625
N910A6_ch07_main_20251001180006_20251001180626.tiff,7,NVR1_N910A6_ch7_main,-13.55957934,26.426262695303166,-7.784092426,394.5052795410156,198.8253936767578
N910A6_ch07_main_20251001180006_20251001180626.tiff,7,NVR1_N910A6_ch7_main,-13.53456348,26.33673144531112,-7.785144806,387.4498596191406,226.4057159423828
N910A6_ch07_main_20251001180006_20251001180626.tiff,7,NVR1_N910A6_ch7_main,-13.73337573,26.277483398435596,-7.783826351,338.06182861328125,241.7993927001953
N910A6_ch07_main_20251001180006_20251001180626.tiff,7,NVR1_N910A6_ch7_main,-13.7583916,26.37227832030413,-7.793902874,343.8344421386719,211.01205444335935
N910A6_ch08_main_20251001180007_20251001180626.tiff,8,NVR1_N910A6_ch8_main,-9.264900391,28.608791992179658,-8.068540573,2192.291259765625,1132.1563720703125
N910A6_ch08_main_20251001180007_20251001180626.tiff,8,NVR1_N910A6_ch8_main,-11.12979053,28.04562304687026,-8.168213844,1253.1854248046875,1181.1881103515625
N910A6_ch08_main_20251001180007_20251001180626.tiff,8,NVR1_N910A6_ch8_main,-7.547505371,29.18581835935468,-8.167215347,2962.190185546875,1052.674560546875
N910A6_ch08_main_20251001180007_20251001180626.tiff,8,NVR1_N910A6_ch8_main,-6.883784668,29.95039355,-8.093233109,3236.253906,804.34375
N910A6_ch08_main_20251001180007_20251001180626.tiff,8,NVR1_N910A6_ch8_main,-6.478472168,28.425784179665534,-8.095108986,3240.37207,1462.7398681640625
N910A6_ch08_main_20251001180007_20251001180626.tiff,8,NVR1_N910A6_ch8_main,-6.211653324,27.417727539044673,-8.093819618,3189.844482421875,1850.9249267578125
N910A6_ch08_main_20251001180007_20251001180626.tiff,8,NVR1_N910A6_ch8_main,-7.144158206,31.114939453117238,-8.091323853,3183.748779296875,344.3369445800781
N910A6_ch08_main_20251001180007_20251001180626.tiff,8,NVR1_N910A6_ch8_main,-7.245640137,32.116511718749834,-8.087596893,3152.676758,16.097877502441406
N910A6_ch08_main_20251001180007_20251001180626.tiff,8,NVR1_N910A6_ch8_main,-11.76702075,26.018503906238124,-8.089080811,873.3110961914062,1940.4029541015625
N910A6_ch08_main_20251001180007_20251001180626.tiff,8,NVR1_N910A6_ch8_main,-11.83096362,26.197166015614613,-8.090149879,852.1183471679688,1870.247802734375
N910A6_ch08_main_20251001180007_20251001180626.tiff,8,NVR1_N910A6_ch8_main,-12.16638477,27.23319140624917,-8.090223312,771.4030762,1423.0628662109375
N910A6_ch08_main_20251001180007_20251001180626.tiff,8,NVR1_N910A6_ch8_main,-12.55075732,28.427639648426496,-8.089878082,729.9926758,861.583252
N910A6_ch08_main_20251001180007_20251001180626.tiff,8,NVR1_N910A6_ch8_main,-12.91361255,29.59122363279871,-8.094181061,759.5339965820312,359.0469055175781
N910A6_ch08_main_20251001180007_20251001180626.tiff,8,NVR1_N910A6_ch8_main,-13.20685351,30.510154296872283,-8.09427166,800.1791381835938,19.18209648132324
N910A6_ch08_main_20251001180007_20251001180626.tiff,8,NVR1_N910A6_ch8_main,-14.59541309,29.884597656236778,-7.786682129,333.4944152832031,193.53656005859375
N910A6_ch08_main_20251001180007_20251001180626.tiff,8,NVR1_N910A6_ch8_main,-14.38775196,29.09034472655969,-7.781426907,274.0344543457031,486.1336669921875
N910A6_ch08_main_20251001180007_20251001180626.tiff,8,NVR1_N910A6_ch8_main,-14.2968291,29.047366210915516,-7.779257298,290.0257873535156,504.4094848632813
N910A6_ch08_main_20251001180007_20251001180626.tiff,8,NVR1_N910A6_ch8_main,-14.43569263,29.00272753904781,-7.782867432,254.74221801757812,511.2229919433594
N910A6_ch08_main_20251001180007_20251001180626.tiff,8,NVR1_N910A6_ch8_main,-14.04611133,28.19904589842354,-7.789309025,260.61834716796875,837.6412353515625
N910A6_ch08_main_20251001180007_20251001180626.tiff,8,NVR1_N910A6_ch8_main,-14.02436206,28.096995117177745,-7.791349411,260.61834716796875,870.3179321289062
N910A6_ch08_main_20251001180007_20251001180626.tiff,8,NVR1_N910A6_ch8_main,-14.24686572,28.147185546863728,-7.784977436,214.1622772216797,841.1844482421875
N910A6_ch08_main_20251001180007_20251001180626.tiff,8,NVR1_N910A6_ch8_main,-14.21842578,28.046809570293934,-7.786427498,209.43792724609375,877.0107422
N910A6_ch08_main_20251001180007_20251001180626.tiff,8,NVR1_N910A6_ch8_main,-13.90062183,27.322742187483335,-7.782299042,238.5760040283203,1190.570068359375
N910A6_ch08_main_20251001180007_20251001180626.tiff,8,NVR1_N910A6_ch8_main,-13.81855029,27.279656249992932,-7.781659126,255.0479736328125,1218.0233154296875
N910A6_ch08_main_20251001180007_20251001180626.tiff,8,NVR1_N910A6_ch8_main,-13.95601978,27.23862109373182,-7.781216621,222.10403442382812,1215.8270263671875
N910A6_ch08_main_20251001180007_20251001180626.tiff,8,NVR1_N910A6_ch8_main,-13.87805225,27.224260742175233,-7.78305769,236.37974548339844,1229.004638671875
N910A6_ch08_main_20251001180007_20251001180626.tiff,8,NVR1_N910A6_ch8_main,-13.56194629,26.43519824217288,-7.784092426,298.8982849121094,1561.4434814453125
N910A6_ch08_main_20251001180007_20251001180626.tiff,8,NVR1_N910A6_ch8_main,-13.53271655,26.344260742168338,-7.78350544,301.4053039550781,1594.661621
N910A6_ch08_main_20251001180007_20251001180626.tiff,8,NVR1_N910A6_ch8_main,-13.76654956,26.38160937498898,-7.782352448,250.0111083984375,1555.1759033203125
N910A6_ch08_main_20251001180007_20251001180626.tiff,8,NVR1_N910A6_ch8_main,-13.74056812,26.280930664045126,-7.783026695,251.8913726806641,1586.5137939453125
N910A6_ch08_main_20251001180007_20251001180626.tiff,8,NVR1_N910A6_ch8_main,-13.42992847,25.555271484357334,-7.779955864,338.3074951171875,1876.1441650390625
N910A6_ch08_main_20251001180007_20251001180626.tiff,8,NVR1_N910A6_ch8_main,-13.35022876,25.506672851545336,-7.777377605,360.7766418457031,1904.474853515625
N910A6_ch08_main_20251001180007_20251001180626.tiff,8,NVR1_N910A6_ch8_main,-13.47852466,25.467795898422345,-7.778622627,323.6536865234375,1894.7056884765625
N910A6_ch09_main_20251001180000_20251001180600.tiff,9,NVR2_N910A6_ch1_main,-10.46955493,32.98851855467806,-8.073911667,2618.51709,1086.2823486328125
N910A6_ch09_main_20251001180000_20251001180600.tiff,9,NVR2_N910A6_ch1_main,-9.951219971,32.93862598,-8.07185936,2893.757324,1181.457275390625
N910A6_ch09_main_20251001180000_20251001180600.tiff,9,NVR2_N910A6_ch1_main,-8.653503906,33.236106445306056,-8.165816307,3476.878418,1200.5291748046875
N910A6_ch09_main_20251001180000_20251001180600.tiff,9,NVR2_N910A6_ch1_main,-7.424221679,33.287859374990475,-8.095461845,3908.431641,1311.5623779296875
N910A6_ch09_main_20251001180000_20251001180600.tiff,9,NVR2_N910A6_ch1_main,-7.656692382,34.20017871093228,-8.096673012,3876.908203,890.0164794921875
N910A6_ch09_main_20251001180000_20251001180600.tiff,9,NVR2_N910A6_ch1_main,-7.875808593,35.04205859373989,-8.100876808,3818.514892578125,527.2741699
N910A6_ch09_main_20251001180000_20251001180600.tiff,9,NVR2_N910A6_ch1_main,-8.130898926,36.08133837889727,-8.101833344,3723.940673828125,135.5689239501953
N910A6_ch09_main_20251001180000_20251001180600.tiff,9,NVR2_N910A6_ch1_main,-7.246279786,32.12403125,-8.087629318,3855.507080078125,1836.365723
N910A6_ch09_main_20251001180000_20251001180600.tiff,9,NVR2_N910A6_ch1_main,-7.143401369,31.121887695305173,-8.091644287,3751.209473,2257.824462890625
N910A6_ch09_main_20251001180000_20251001180600.tiff,9,NVR2_N910A6_ch1_main,-12.15285205,31.745847656247637,-8.166725159,1554.0260009765625,1516.069580078125
N910A6_ch09_main_20251001180000_20251001180600.tiff,9,NVR2_N910A6_ch1_main,-13.80211963,32.478347656243905,-8.085861206,885.6447754,934.7979125976564
N910A6_ch09_main_20251001180000_20251001180600.tiff,9,NVR2_N910A6_ch1_main,-13.66466602,32.01859179686411,-8.086631775,882.8086547851564,1173.029785
N910A6_ch09_main_20251001180000_20251001180600.tiff,9,NVR2_N910A6_ch1_main,-13.20324023,30.517063476553552,-8.094074249,931.1010131835936,1956.668212890625
N910A6_ch09_main_20251001180000_20251001180600.tiff,9,NVR2_N910A6_ch1_main,-12.91080615,29.60322070311661,-8.094323158,1008.0410766601562,2386.282470703125
N910A6_ch09_main_20251001180000_20251001180600.tiff,9,NVR2_N910A6_ch1_main,-14.86871753,30.86299609374664,-7.772096634,312.39300537109375,1551.340332
N910A6_ch09_main_20251001180000_20251001180600.tiff,9,NVR2_N910A6_ch1_main,-14.83201587,30.77327929686478,-7.778398514,311.5282897949219,1589.3873291015625
N910A6_ch09_main_20251001180000_20251001180600.tiff,9,NVR2_N910A6_ch1_main,-14.92988818,30.76920214843069,-7.778664589,292.50482177734375,1579.8756103515625
N910A6_ch09_main_20251001180000_20251001180600.tiff,9,NVR2_N910A6_ch1_main,-15.07624927,31.652634765621997,-7.774835587,312.4204102,1164.5206298828125
N910A6_ch09_main_20251001180000_20251001180600.tiff,9,NVR2_N910A6_ch1_main,-14.60095508,29.88846484374428,-7.786329269,359.91851806640625,1992.3118896484375
N910A6_ch09_main_20251001180000_20251001180600.tiff,9,NVR2_N910A6_ch1_main,-14.3794353,29.07482714843696,-7.784438133,428.9324951171875,2331.744629
N910A6_ch09_main_20251001180000_20251001180600.tiff,9,NVR2_N910A6_ch1_main,-10.56348682,31.75652636718157,-8.072740555,2397.150391,1731.293212890625
N910A6_ch10_main_20251001180001_20251001180600.tiff,10,NVR2_N910A6_ch2_main,-11.19865283,35.79860644531093,-8.07966423,2725.065673828125,1571.781738
N910A6_ch10_main_20251001180001_20251001180600.tiff,10,NVR2_N910A6_ch2_main,-9.654191163,36.745918457028836,-8.166604042,3517.765137,1314.391357421875
N910A6_ch10_main_20251001180001_20251001180600.tiff,10,NVR2_N910A6_ch2_main,-8.512987548,37.59640429687215,-8.100310326,3963.72998,1090.8848876953125
N910A6_ch10_main_20251001180001_20251001180600.tiff,10,NVR2_N910A6_ch2_main,-8.132332033,36.08081836,-8.10188961,3938.231934,1756.7777099609375
N910A6_ch10_main_20251001180001_20251001180600.tiff,10,NVR2_N910A6_ch2_main,-7.875464355,35.05062548827993,-8.100780487,3872.26123,2184.016845703125
N910A6_ch10_main_20251001180001_20251001180600.tiff,10,NVR2_N910A6_ch2_main,-7.65958789,34.196436035156175,-8.096508026,3796.283447265625,2496.859130859375
N910A6_ch10_main_20251001180001_20251001180600.tiff,10,NVR2_N910A6_ch2_main,-8.956215089,39.40425586,-8.108346939,3871.092285,359.0416259765625
N910A6_ch10_main_20251001180001_20251001180600.tiff,10,NVR2_N910A6_ch2_main,-8.990843994,39.56008349608521,-8.1095047,3862.920166015625,305.9240417480469
N910A6_ch10_main_20251001180001_20251001180600.tiff,10,NVR2_N910A6_ch2_main,-11.50299853,37.87888720702497,-8.103832245,2850.677001953125,494.1725463867187
N910A6_ch10_main_20251001180001_20251001180600.tiff,10,NVR2_N910A6_ch2_main,-12.7085271,35.923752929684646,-8.16827774,1955.702637,1283.0594482421875
N910A6_ch10_main_20251001180001_20251001180600.tiff,10,NVR2_N910A6_ch2_main,-14.45749317,34.63226611327178,-8.100428581,937.0470581054688,1637.409912109375
N910A6_ch10_main_20251001180001_20251001180600.tiff,10,NVR2_N910A6_ch2_main,-14.83877734,35.86972949218196,-8.093891144,944.1912841796876,989.6510009765624
N910A6_ch10_main_20251001180001_20251001180600.tiff,10,NVR2_N910A6_ch2_main,-15.46005786,37.83239550781167,-8.088707924,1071.052246,90.82794189453124
N910A6_ch10_main_20251001180001_20251001180600.tiff,10,NVR2_N910A6_ch2_main,-15.4999187,37.989626953116264,-8.088256836,1085.500732421875,31.65776634216309
N910A6_ch10_main_20251001180001_20251001180600.tiff,10,NVR2_N910A6_ch2_main,-16.76440478,37.82943408202308,-7.780107975,640.2203979492188,6.940528869628906
N910A6_ch10_main_20251001180001_20251001180600.tiff,10,NVR2_N910A6_ch2_main,-16.44904956,37.034507324212456,-7.785903931,573.8521728515625,310.09759521484375
N910A6_ch10_main_20251001180001_20251001180600.tiff,10,NVR2_N910A6_ch2_main,-16.42334278,36.93971484374301,-7.787849426,564.8466797,346.11968994140625
N910A6_ch10_main_20251001180001_20251001180600.tiff,10,NVR2_N910A6_ch2_main,-16.30944507,36.154314453123476,-7.785988808,460.7182922363282,679.4233398
N910A6_ch10_main_20251001180001_20251001180600.tiff,10,NVR2_N910A6_ch2_main,-16.0314751,35.19205126952529,-7.783596516,408.392334,1126.550781
N910A6_ch10_main_20251001180001_20251001180600.tiff,10,NVR2_N910A6_ch2_main,-15.80464282,34.30896289,-7.776558876,387.4898681640625,1552.75293
N910A6_ch10_main_20251001180001_20251001180600.tiff,10,NVR2_N910A6_ch2_main,-15.55906055,33.424919921874846,-7.781403542,422.70016479492193,1962.958984
N910A6_ch10_main_20251001180001_20251001180600.tiff,10,NVR2_N910A6_ch2_main,-15.34698657,32.610808593748004,-7.774262428,480.6369629,2304.55127
N910A6_ch10_main_20251001180001_20251001180600.tiff,10,NVR2_N910A6_ch2_main,-14.18443042,33.72581347655713,-8.09011364,973.3590698242189,2088.055419921875
N910A6_ch11_main_20251001180002_20251001180600.tiff,11,NVR2_N910A6_ch3_main,-12.18297046,39.52200244140606,-8.075289726,2490.686523,1269.7086181640625
N910A6_ch11_main_20251001180002_20251001180600.tiff,11,NVR2_N910A6_ch3_main,-12.49076587,40.75175342,-8.076331139,2488.912598,590.4918823242188
N910A6_ch11_main_20251001180002_20251001180600.tiff,11,NVR2_N910A6_ch3_main,-12.61373828,40.75030566405576,-8.086473465,2424.083496,573.8215332
N910A6_ch11_main_20251001180002_20251001180600.tiff,11,NVR2_N910A6_ch3_main,-12.39094165,40.80672900390356,-8.105941772,2555.593994140625,579.3782958984375
N910A6_ch11_main_20251001180002_20251001180600.tiff,11,NVR2_N910A6_ch3_main,-13.62111987,39.041216308592155,-8.168626785,1664.8338623046875,1325.035645
N910A6_ch11_main_20251001180002_20251001180600.tiff,11,NVR2_N910A6_ch3_main,-10.51087695,40.18091845702608,-8.170025826,3357.767822265625,1157.364013671875
N910A6_ch11_main_20251001180002_20251001180600.tiff,11,NVR2_N910A6_ch3_main,-9.415319091,41.23334033202805,-8.108978271,3838.858154296875,830.3113403320312
N910A6_ch11_main_20251001180002_20251001180600.tiff,11,NVR2_N910A6_ch3_main,-8.98991748,39.56769580077167,-8.10926342,3837.587402,1593.5838623046875
N910A6_ch11_main_20251001180002_20251001180600.tiff,11,NVR2_N910A6_ch3_main,-8.958175539,39.41187060545877,-8.108289719,3827.804199,1662.066162109375
N910A6_ch11_main_20251001180002_20251001180600.tiff,11,NVR2_N910A6_ch3_main,-8.737535888,38.51350146484226,-8.105291367,3776.784423828125,2047.863281
N910A6_ch11_main_20251001180002_20251001180600.tiff,11,NVR2_N910A6_ch3_main,-8.512461425,37.601636230462326,-8.10022068,3701.870605,2397.449951171875
N910A6_ch11_main_20251001180002_20251001180600.tiff,11,NVR2_N910A6_ch3_main,-14.84075488,35.86713427733771,-8.093868256,915.6270751953124,2499.499267578125
N910A6_ch11_main_20251001180002_20251001180600.tiff,11,NVR2_N910A6_ch3_main,-15.12934741,36.80558642577226,-8.094841957,817.7966309,2121.658691
N910A6_ch11_main_20251001180002_20251001180600.tiff,11,NVR2_N910A6_ch3_main,-15.45538013,37.83755908202714,-8.088434219,733.9276733398436,1642.5172119140625
N910A6_ch11_main_20251001180002_20251001180600.tiff,11,NVR2_N910A6_ch3_main,-15.49643481,37.99230273436531,-8.088160515,724.6411743164062,1566.9871826171875
N910A6_ch11_main_20251001180002_20251001180600.tiff,11,NVR2_N910A6_ch3_main,-16.76695972,37.83475878905829,-7.780269623,276.5729675292969,1466.347168
N910A6_ch11_main_20251001180002_20251001180600.tiff,11,NVR2_N910A6_ch3_main,-16.79535815,37.92090624999903,-7.777695179,271.36920166015625,1423.5811767578125
N910A6_ch11_main_20251001180002_20251001180600.tiff,11,NVR2_N910A6_ch3_main,-16.93135669,38.79371386717739,-7.783254623,298.69879150390625,1036.345215
N910A6_ch11_main_20251001180002_20251001180600.tiff,11,NVR2_N910A6_ch3_main,-16.90810352,38.70235889,-7.778370857,298.69879150390625,1070.8099365234375
N910A6_ch11_main_20251001180002_20251001180600.tiff,11,NVR2_N910A6_ch3_main,-17.28354663,39.684717285151585,-7.782876492,307.3768615722656,623.7003784179688
N910A6_ch11_main_20251001180002_20251001180600.tiff,11,NVR2_N910A6_ch3_main,-17.18740405,39.644658691399535,-7.779623985,325.0500183105469,650.5148315429688
N910A6_ch11_main_20251001180002_20251001180600.tiff,11,NVR2_N910A6_ch3_main,-17.48329272,40.485420410153324,-7.788565159,376.1901855,296.0651550292969
N910A6_ch11_main_20251001180002_20251001180600.tiff,11,NVR2_N910A6_ch3_main,-16.44943164,37.033982421870526,-7.785982132,349.98114013671875,1840.06543
N910A6_ch11_main_20251001180002_20251001180600.tiff,11,NVR2_N910A6_ch3_main,-16.42067187,36.94003466795797,-7.786998749,357.1788024902344,1876.9534912109375
N910A6_ch11_main_20251001180002_20251001180600.tiff,11,NVR2_N910A6_ch3_main,-16.2983916,36.154448730464075,-7.785410881,397.8052673339844,2183.321533203125
N910A6_ch11_main_20251001180002_20251001180600.tiff,11,NVR2_N910A6_ch3_main,-16.21512134,36.11087695312073,-7.783538342,423.9274291992187,2215.248535
N910A6_ch11_main_20251001180002_20251001180600.tiff,11,NVR2_N910A6_ch3_main,-16.06302539,35.281575195307404,-7.77996254,496.02340698242193,2497.091797
N910A6_ch11_main_20251001180002_20251001180600.tiff,11,NVR2_N910A6_ch3_main,-9.942689697,43.272673828114776,-8.113801003,3700.88623,11.434718132019045
N910A6_ch12_main_20251001180003_20251001180600.tiff,12,NVR2_N910A6_ch4_main,-14.80840503,42.833965332020206,-8.171052933,1620.442383,1234.500977
N910A6_ch12_main_20251001180003_20251001180600.tiff,12,NVR2_N910A6_ch4_main,-12.10992969,43.52522021483371,-8.170761108,3093.892578,1250.1553955078125
N910A6_ch12_main_20251001180003_20251001180600.tiff,12,NVR2_N910A6_ch4_main,-9.943066894,43.30045703124417,-8.11345005,3892.509277,1590.4595947265625
N910A6_ch12_main_20251001180003_20251001180600.tiff,12,NVR2_N910A6_ch4_main,-10.2947771,44.72730517577337,-8.119210243,3874.225341796875,939.5287475585936
N910A6_ch12_main_20251001180003_20251001180600.tiff,12,NVR2_N910A6_ch4_main,-10.52979297,45.63797412108418,-8.119604111,3818.840087890625,551.1709594726562
N910A6_ch12_main_20251001180003_20251001180600.tiff,12,NVR2_N910A6_ch4_main,-10.80240405,46.71058886718607,-8.117113113,3725.736328,151.0086212158203
N910A6_ch12_main_20251001180003_20251001180600.tiff,12,NVR2_N910A6_ch4_main,-9.70387622,42.33724658202238,-8.107040405,3852.010009765625,2021.530273
N910A6_ch12_main_20251001180003_20251001180600.tiff,12,NVR2_N910A6_ch4_main,-9.414238769,41.23289111327695,-8.109066963,3770.800048828125,2458.864501953125
N910A6_ch12_main_20251001180003_20251001180600.tiff,12,NVR2_N910A6_ch4_main,-17.08347705,43.04902148436514,-8.101894379,693.5569458007812,858.5416259765625
N910A6_ch12_main_20251001180003_20251001180600.tiff,12,NVR2_N910A6_ch4_main,-16.77638843,42.077478515614395,-8.095809937,673.0842895507812,1337.830810546875
N910A6_ch12_main_20251001180003_20251001180600.tiff,12,NVR2_N910A6_ch4_main,-17.86273364,42.346484863275265,-7.792678833,320.8350524902344,1078.692871
N910A6_ch12_main_20251001180003_20251001180600.tiff,12,NVR2_N910A6_ch4_main,-17.83284229,42.24560351562343,-7.791062355,320.8350524902344,1115.423095703125
N910A6_ch12_main_20251001180003_20251001180600.tiff,12,NVR2_N910A6_ch4_main,-18.21617358,43.239812499994834,-7.791388512,344.5124512,670.6020508
N910A6_ch12_main_20251001180003_20251001180600.tiff,12,NVR2_N910A6_ch4_main,-18.11837329,43.192307617186216,-7.788345337,361.53610229492193,694.5899047851562
N910A6_ch12_main_20251001180003_20251001180600.tiff,12,NVR2_N910A6_ch4_main,-18.2692644,43.14760058593692,-7.790145874,318.9769592285156,705.4231567382812
N910A6_ch12_main_20251001180003_20251001180600.tiff,12,NVR2_N910A6_ch4_main,-18.33726856,44.11709521483905,-7.792338371,449.2147216796875,323.6624755859375
N910A6_ch12_main_20251001180003_20251001180600.tiff,12,NVR2_N910A6_ch4_main,-18.31283374,44.016934082027326,-7.791864872,445.3361511230469,357.2768555
N910A6_ch12_main_20251001180003_20251001180600.tiff,12,NVR2_N910A6_ch4_main,-18.65865222,44.91214892577378,-7.787885666,514.3450927734375,36.62751007080078
N910A6_ch12_main_20251001180003_20251001180600.tiff,12,NVR2_N910A6_ch4_main,-18.70173267,44.98907763670775,-7.789703369,518.5131225585938,11.098163604736328
N910A6_ch12_main_20251001180003_20251001180600.tiff,12,NVR2_N910A6_ch4_main,-17.74951709,41.46807177733583,-7.785834789,275.40350341796875,1472.717773
N910A6_ch12_main_20251001180003_20251001180600.tiff,12,NVR2_N910A6_ch4_main,-17.66380298,41.42405566405232,-7.784026623,295.7391052246094,1506.967285
N910A6_ch12_main_20251001180003_20251001180600.tiff,12,NVR2_N910A6_ch4_main,-17.79700732,41.38235644530387,-7.786139488,253.99761962890625,1500.5455322265625
N910A6_ch12_main_20251001180003_20251001180600.tiff,12,NVR2_N910A6_ch4_main,-17.72403369,41.399731933588484,-7.787399292,274.3332214355469,1505.896973
N910A6_ch12_main_20251001180003_20251001180600.tiff,12,NVR2_N910A6_ch4_main,-17.48650561,40.493303710934676,-7.788050175,301.7366638183594,1905.375488
N910A6_ch12_main_20251001180003_20251001180600.tiff,12,NVR2_N910A6_ch4_main,-17.28892383,39.69855517577643,-7.779270649,356.5198059082031,2241.418212890625
N910A6_ch12_main_20251001180003_20251001180600.tiff,12,NVR2_N910A6_ch4_main,-17.01690112,39.674102050771836,-7.787703991,425.78314208984375,2294.735352
N910A6_ch12_main_20251001180003_20251001180600.tiff,12,NVR2_N910A6_ch4_main,-16.3818584,40.867781249989385,-8.089158058,717.8632202148438,1932.601806640625
N910A6_ch12_main_20251001180003_20251001180600.tiff,12,NVR2_N910A6_ch4_main,-16.35017993,40.73754931639592,-8.089057922,722.1919555664062,1993.2039794921875
N910A6_ch12_main_20251001180003_20251001180600.tiff,12,NVR2_N910A6_ch4_main,-15.99392383,39.56266650390431,-8.085548401,818.6936645507812,2502.501708984375
N910A6_ch13_main_20251001180004_20251001180600.tiff,13,NVR2_N910A6_ch5_main,-13.15028369,46.18531054686818,-8.171346664,2875.846191,1356.7193603515625
N910A6_ch13_main_20251001180004_20251001180600.tiff,13,NVR2_N910A6_ch5_main,-13.76177051,48.46803759765174,-8.171719551,2909.748535,173.71543884277344
N910A6_ch13_main_20251001180004_20251001180600.tiff,13,NVR2_N910A6_ch5_main,-15.95852344,46.540535156246534,-8.170351982,1520.233642578125,724.0488281
N910A6_ch13_main_20251001180004_20251001180600.tiff,13,NVR2_N910A6_ch5_main,-18.11294971,46.42368212889886,-8.095010757,633.6283569335938,527.3355102539062
N910A6_ch13_main_20251001180004_20251001180600.tiff,13,NVR2_N910A6_ch5_main,-18.15530688,46.55659716796727,-8.094194412,642.2908935546875,466.3157348632813
N910A6_ch13_main_20251001180004_20251001180600.tiff,13,NVR2_N910A6_ch5_main,-17.69976734,45.04341113,-8.086298943,602.7594604492188,1195.14209
N910A6_ch13_main_20251001180004_20251001180600.tiff,13,NVR2_N910A6_ch5_main,-17.38559253,44.03162646484018,-8.096349716,639.7686767578125,1677.124267578125
N910A6_ch13_main_20251001180004_20251001180600.tiff,13,NVR2_N910A6_ch5_main,-17.08145923,43.05476367186736,-8.101804733,705.7155762,2092.745361328125
N910A6_ch13_main_20251001180004_20251001180600.tiff,13,NVR2_N910A6_ch5_main,-16.77974536,42.07208544921267,-8.095900536,796.7642822265625,2451.388672
N910A6_ch13_main_20251001180004_20251001180600.tiff,13,NVR2_N910A6_ch5_main,-17.70835742,41.40189257812021,-7.787443161,482.8987426757813,2503.514404296875
N910A6_ch13_main_20251001180004_20251001180600.tiff,13,NVR2_N910A6_ch5_main,-17.86433276,42.337141601553185,-7.793573856,419.22750854492193,2219.576172
N910A6_ch13_main_20251001180004_20251001180600.tiff,13,NVR2_N910A6_ch5_main,-17.83460498,42.24201220702034,-7.791008472,426.2609558105469,2247.709961
N910A6_ch13_main_20251001180004_20251001180600.tiff,13,NVR2_N910A6_ch5_main,-18.2133501,43.237666503899895,-7.791874886,312.99591064453125,1860.0347900390625
N910A6_ch13_main_20251001180004_20251001180600.tiff,13,NVR2_N910A6_ch5_main,-17.94790454,43.23924609374053,-7.802035809,382.7709045410156,1909.403809
N910A6_ch13_main_20251001180004_20251001180600.tiff,13,NVR2_N910A6_ch5_main,-18.65565295,44.91190722655156,-7.78790617,250.66519165039065,1121.7459716796875
N910A6_ch13_main_20251001180004_20251001180600.tiff,13,NVR2_N910A6_ch5_main,-18.82698413,45.87662890624512,-7.793495655,303.52435302734375,693.2297973632812
N910A6_ch13_main_20251001180004_20251001180600.tiff,13,NVR2_N910A6_ch5_main,-18.80611682,45.79017871093054,-7.787644863,302.0259094238281,726.6950684
N910A6_ch13_main_20251001180004_20251001180600.tiff,13,NVR2_N910A6_ch5_main,-19.21574329,46.69201220702917,-7.791079521,317.8606872558594,325.0030517578125
N910A6_ch13_main_20251001180004_20251001180600.tiff,13,NVR2_N910A6_ch5_main,-18.39848071,47.365576660149976,-8.093225479,704.3200073242188,113.25104522705078
N910A6_ch13_main_20251001180004_20251001180600.tiff,13,NVR2_N910A6_ch5_main,-11.15270069,48.12692431640398,-8.113120079,3872.761474609375,790.1935424804688
N910A6_ch13_main_20251001180004_20251001180600.tiff,13,NVR2_N910A6_ch5_main,-11.17366626,48.18458056640106,-8.112146378,3871.105712890625,765.3563232421875
N910A6_ch13_main_20251001180004_20251001180600.tiff,13,NVR2_N910A6_ch5_main,-10.80368823,46.71259570312303,-8.117119789,3831.000732421875,1425.2708740234375
N910A6_ch13_main_20251001180004_20251001180600.tiff,13,NVR2_N910A6_ch5_main,-10.52872119,45.64304980468714,-8.119587898,3748.566162109375,1887.662598
N910A6_ch13_main_20251001180004_20251001180600.tiff,13,NVR2_N910A6_ch5_main,-10.29177783,44.72638232421602,-8.119229317,3657.40332,2238.990723
N910A6_ch13_main_20251001180004_20251001180600.tiff,13,NVR2_N910A6_ch5_main,-11.42698169,49.240452148431196,-8.110471725,3844.745117,321.0742188
N910A6_ch14_main_20251001180005_20251001180600.tiff,14,NVR2_N910A6_ch6_main,-18.9659563,49.242693359365454,-8.089319229,810.4018555,1463.868164
N910A6_ch14_main_20251001180005_20251001180600.tiff,14,NVR2_N910A6_ch6_main,-19.74805408,48.89133593749699,-7.791177273,448.5678711,1497.958008
N910A6_ch14_main_20251001180005_20251001180600.tiff,14,NVR2_N910A6_ch6_main,-19.38535937,47.578606445301425,-7.790789127,484.1579895019531,2112.296142578125
N910A6_ch14_main_20251001180005_20251001180600.tiff,14,NVR2_N910A6_ch6_main,-20.47794177,50.223328124993444,-7.783120632,408.70172119140625,823.0229492
N910A6_ch14_main_20251001180005_20251001180600.tiff,14,NVR2_N910A6_ch6_main,-20.41467456,50.151433593741835,-7.782258034,415.37457275390625,859.7236938476564
N910A6_ch14_main_20251001180005_20251001180600.tiff,14,NVR2_N910A6_ch6_main,-21.07111194,50.85083789062372,-7.767368793,363.38079833984375,523.8115234
N910A6_ch14_main_20251001180005_20251001180600.tiff,14,NVR2_N910A6_ch6_main,-21.64237354,51.57824755858813,-7.777118683,371.8834533691406,245.41307067871097
N910A6_ch14_main_20251001180005_20251001180600.tiff,14,NVR2_N910A6_ch6_main,-19.75302417,51.490964843741466,-8.089865685,884.6501465,381.29299926757807
N910A6_ch14_main_20251001180005_20251001180600.tiff,14,NVR2_N910A6_ch6_main,-19.44328601,50.71440234374352,-8.097175598,851.6999512,733.2929077148436
N910A6_ch14_main_20251001180005_20251001180600.tiff,14,NVR2_N910A6_ch6_main,-17.60176685,50.008462402337045,-8.173132896,1512.510498046875,1315.4957275390625
N910A6_ch14_main_20251001180005_20251001180600.tiff,14,NVR2_N910A6_ch6_main,-14.28999805,50.536274902342456,-8.172857285,3258.647216796875,1560.988281
N910A6_ch14_main_20251001180005_20251001180600.tiff,14,NVR2_N910A6_ch6_main,-14.95642383,53.16212939452564,-8.174412727,3225.025146484375,271.0347900390625
N910A6_ch14_main_20251001180005_20251001180600.tiff,14,NVR2_N910A6_ch6_main,-12.56816943,53.79342578124735,-8.110076904,4044.838379,468.7306823730469
N910A6_ch14_main_20251001180005_20251001180600.tiff,14,NVR2_N910A6_ch6_main,-12.65314624,54.137805664058504,-8.108880043,4015.527587890625,346.6558837890625
N910A6_ch14_main_20251001180005_20251001180600.tiff,14,NVR2_N910A6_ch6_main,-12.34445606,52.91672412108679,-8.112195969,4096.199219,803.0828247070312
N910A6_ch14_main_20251001180005_20251001180600.tiff,14,NVR2_N910A6_ch6_main,-12.06233203,51.80227832030224,-8.118021011,4127.222656,1274.406494140625
N910A6_ch14_main_20251001180005_20251001180600.tiff,14,NVR2_N910A6_ch6_main,-11.67993091,50.271707031238975,-8.109652519,4079.692383,1934.269531
N910A6_ch14_main_20251001180005_20251001180600.tiff,14,NVR2_N910A6_ch6_main,-20.19564441,52.28296679687126,-8.080047607,891.9732055664062,70.39758301
N910A6_ch15_main_20251001180006_20251001180600.tiff,15,NVR2_N910A6_ch7_main,-13.47364917,57.429629394521676,-8.108550072,4257.453613,225.9095001220703
N910A6_ch15_main_20251001180006_20251001180600.tiff,15,NVR2_N910A6_ch7_main,-13.21869922,56.370928222649844,-8.106500626,4340.138672,612.5717163085938
N910A6_ch15_main_20251001180006_20251001180600.tiff,15,NVR2_N910A6_ch7_main,-12.9441814,55.32550342,-8.109552383,4383.422852,1047.470947265625
N910A6_ch15_main_20251001180006_20251001180600.tiff,15,NVR2_N910A6_ch7_main,-12.65218799,54.13976855467973,-8.108805656,4368.730957,1550.8128662109375
N910A6_ch15_main_20251001180006_20251001180600.tiff,15,NVR2_N910A6_ch7_main,-12.5613457,53.79519335936974,-8.11013031,4354.733887,1695.1361083984375
N910A6_ch15_main_20251001180006_20251001180600.tiff,15,NVR2_N910A6_ch7_main,-12.34736011,52.92081591796291,-8.112112999,4288.867188,2042.887939453125
N910A6_ch15_main_20251001180006_20251001180600.tiff,15,NVR2_N910A6_ch7_main,-12.0618584,51.80826220702026,-8.118091583,4172.995117,2439.174072265625
N910A6_ch15_main_20251001180006_20251001180600.tiff,15,NVR2_N910A6_ch7_main,-14.95782886,53.160002929676544,-8.174470901,3578.098388671875,1787.6866455078125
N910A6_ch15_main_20251001180006_20251001180600.tiff,15,NVR2_N910A6_ch7_main,-15.60765186,55.60887377928842,-8.175920486,3568.570556640625,514.1683349609375
N910A6_ch15_main_20251001180006_20251001180600.tiff,15,NVR2_N910A6_ch7_main,-18.86352405,53.90802539062497,-8.175997734,1724.019287109375,867.1419067382812
N910A6_ch15_main_20251001180006_20251001180600.tiff,15,NVR2_N910A6_ch7_main,-20.89168323,53.64468554687079,-8.085660934,840.7059936523436,776.2650756835938
N910A6_ch15_main_20251001180006_20251001180600.tiff,15,NVR2_N910A6_ch7_main,-21.68921313,55.203326904292624,-8.091508865,843.1381836,102.02186584472656
N910A6_ch15_main_20251001180006_20251001180600.tiff,15,NVR2_N910A6_ch7_main,-23.35671314,53.751072265622824,-7.781914711,237.3553009033203,583.2490844726562
N910A6_ch15_main_20251001180006_20251001180600.tiff,15,NVR2_N910A6_ch7_main,-22.77536853,53.02439257811548,-7.77536869,251.3922576904297,878.4386596679688
N910A6_ch15_main_20251001180006_20251001180600.tiff,15,NVR2_N910A6_ch7_main,-20.19956226,52.28883837890452,-8.080258369,927.1234130859376,1490.6527099609375
N910A6_ch15_main_20251001180006_20251001180600.tiff,15,NVR2_N910A6_ch7_main,-19.75010364,51.48920214843089,-8.089980125,1043.385498046875,1915.2772216796875
N910A6_ch15_main_20251001180006_20251001180600.tiff,15,NVR2_N910A6_ch7_main,-19.438875,50.715779296873116,-8.097486496,1128.817138671875,2281.999023
N910A6_ch15_main_20251001180006_20251001180600.tiff,15,NVR2_N910A6_ch7_main,-20.48763049,50.22097949218669,-7.784861565,695.7285156,2299.725830078125
N910A6_ch15_main_20251001180006_20251001180600.tiff,15,NVR2_N910A6_ch7_main,-20.41124683,50.14763964842703,-7.781602383,716.8347168,2337.067626953125
N910A6_ch15_main_20251001180006_20251001180600.tiff,15,NVR2_N910A6_ch7_main,-21.0719823,50.85713916015006,-7.768474102,518.4854736328125,1961.5423583984375
N910A6_ch15_main_20251001180006_20251001180600.tiff,15,NVR2_N910A6_ch7_main,-21.64294666,51.576406738281165,-7.777242661,387.7235412597656,1581.795898
N910A6_ch15_main_20251001180006_20251001180600.tiff,15,NVR2_N910A6_ch7_main,-22.2644646,52.37019824,-7.765024662,291.9056091308594,1187.028809
N910A6_ch16_main_20251001180007_20251001180600.tiff,16,NVR2_N910A6_ch8_main,-13.88148975,59.041542236327736,-8.101291656,3955.628418,1054.360595703125
N910A6_ch16_main_20251001180007_20251001180600.tiff,16,NVR2_N910A6_ch8_main,-14.365396,61.36040087889875,-8.145100594,3772.073974609375,172.7192840576172
N910A6_ch16_main_20251001180007_20251001180600.tiff,16,NVR2_N910A6_ch8_main,-16.05733813,59.78789355468284,-8.178999901,3203.578125,458.1209716796875
N910A6_ch16_main_20251001180007_20251001180600.tiff,16,NVR2_N910A6_ch8_main,-16.04578296,57.69900561523233,-8.177682877,3086.283203,1455.0052490234375
N910A6_ch16_main_20251001180007_20251001180600.tiff,16,NVR2_N910A6_ch8_main,-13.48044238,57.43570483398387,-8.108661652,3982.314941,1765.4910888671875
N910A6_ch16_main_20251001180007_20251001180600.tiff,16,NVR2_N910A6_ch8_main,-13.2145354,56.37625415038548,-8.106482506,3939.385498046875,2198.099609
N910A6_ch16_main_20251001180007_20251001180600.tiff,16,NVR2_N910A6_ch8_main,-13.14165576,58.05449634,-8.152106285,4094.61377,1526.5870361328125
N910A6_ch16_main_20251001180007_20251001180600.tiff,16,NVR2_N910A6_ch8_main,-13.6992168,58.863112060540836,-7.932088852,3997.013184,1147.287598
N910A6_ch16_main_20251001180007_20251001180600.tiff,16,NVR2_N910A6_ch8_main,-13.19793872,61.40463305663292,-8.111735344,4054.312255859375,332.4331359863281
N910A6_ch16_main_20251001180007_20251001180600.tiff,16,NVR2_N910A6_ch8_main,-19.79064624,56.437510253899305,-8.176081657,970.8566284179688,1690.2415771484375
N910A6_ch16_main_20251001180007_20251001180600.tiff,16,NVR2_N910A6_ch8_main,-20.6651134,58.53055102538557,-8.177922249,868.7634887695312,559.4065551757812
N910A6_ch16_main_20251001180007_20251001180600.tiff,16,NVR2_N910A6_ch8_main,-22.55682971,56.89056445311934,-8.102230072,114.21096801757812,1159.152099609375
N910A6_ch16_main_20251001180007_20251001180600.tiff,16,NVR2_N910A6_ch8_main,-21.68633838,55.20580371093308,-8.091569901,244.2486114501953,1965.0989990234375
N910A6_ch16_main_20251001180007_20251001180600.tiff,16,NVR2_N910A6_ch8_main,-23.39302539,58.52324877928934,-8.108250618,140.4060821533203,491.4510498046875
N910A6_ch16_main_20251001180007_20251001180600.tiff,16,NVR2_N910A6_ch8_main,-21.22810962,59.806696044916436,-8.179790497,889.4757690429688,39.464805603027344
N910A6_ch16_main_20251001180007_20251001180600.tiff,16,NVR2_N910A6_ch8_main,-15.60663135,55.63727465819571,-8.175962448,3037.713134765625,2502.005126953125
