image_name,channel,camera_name,X,Y,Z,col_sample,row_sample
NVR1_N910A6_ch1_main.tiff,1,NVR1_N910A6_ch1_main,266511.3516,4691263.307,178.1737213,203.1694318,618.4482539
NVR1_N910A6_ch1_main.tiff,1,NVR1_N910A6_ch1_main,266511.6768,4691261.904,178.1821747,138.1834634,1163.791251
NVR1_N910A6_ch1_main.tiff,1,NVR1_N910A6_ch1_main,266512.3084,4691263.556,177.8703308,486.1507118,596.8391849
NVR1_N910A6_ch1_main.tiff,1,NVR1_N910A6_ch1_main,266512.616,4691262.044,177.8753204,410.3899834,1217.25419
NVR1_N910A6_ch1_main.tiff,1,NVR1_N910A6_ch1_main,266512.9338,4691260.561,177.8694611,435.3379907,1822.52218
NVR1_N910A6_ch1_main.tiff,1,NVR1_N910A6_ch1_main,266514.3028,4691260.737,177.8850403,866.277952,1984.728584
NVR1_N910A6_ch1_main.tiff,1,NVR1_N910A6_ch1_main,266515.0324,4691260.85,177.8150482,1157.699082,2055.044538
NVR1_N910A6_ch1_main.tiff,1,NVR1_N910A6_ch1_main,266515.3975,4691261.087,177.8043518,1342.832609,2014.874056
NVR1_N910A6_ch1_main.tiff,1,NVR1_N910A6_ch1_main,266515.8266,4691261.017,177.8284454,1529.718101,2098.852859
NVR1_N910A6_ch1_main.tiff,1,NVR1_N910A6_ch1_main,266516.172,4691265.536,177.8695068,2198.584943,129.9772156
NVR1_N910A6_ch1_main.tiff,1,NVR1_N910A6_ch1_main,266516.6066,4691264.086,177.8709412,2255.588925,767.9355013
NVR1_N910A6_ch1_main.tiff,1,NVR1_N910A6_ch1_main,266517.048,4691262.627,177.8774414,2293.341563,1517.138122
NVR1_N910A6_ch1_main.tiff,1,NVR1_N910A6_ch1_main,266518.4993,4691265.802,177.8514404,3075.515085,369.7026552
NVR1_N910A6_ch1_main.tiff,1,NVR1_N910A6_ch1_main,266518.9086,4691264.213,177.8503723,3154.468035,1009.438012
NVR1_N910A6_ch1_main.tiff,1,NVR1_N910A6_ch1_main,266519.1564,4691265.961,178.1622009,3315.893216,379.0536216
NVR1_N910A6_ch1_main.tiff,1,NVR1_N910A6_ch1_main,266519.2826,4691262.729,177.8577118,3144.28846,1650.963946
NVR1_N910A6_ch1_main.tiff,1,NVR1_N910A6_ch1_main,266519.4826,4691264.368,178.1557007,3389.203375,1000.006681
NVR1_N910A6_ch1_main.tiff,1,NVR1_N910A6_ch1_main,266519.7753,4691262.959,178.1544037,3361.223033,1599.504159
NVR1_N910A6_ch2_main.tiff,2,NVR1_N910A6_ch2_main,266511.0418,4691264.711,178.1667633,149.3164381,1148.094416
NVR1_N910A6_ch2_main.tiff,2,NVR1_N910A6_ch2_main,266512.3107,4691263.555,177.8703308,504.237713,1675.088772
NVR1_N910A6_ch2_main.tiff,2,NVR1_N910A6_ch2_main,266512.3573,4691263.275,177.8740082,522.5764115,1763.289179
NVR1_N910A6_ch2_main.tiff,2,NVR1_N910A6_ch2_main,266515.7426,4691267.006,177.8703003,2109.536491,638.0486361
NVR1_N910A6_ch2_main.tiff,2,NVR1_N910A6_ch2_main,266516.1737,4691265.521,177.8695068,2127.162097,1373.591607
NVR1_N910A6_ch2_main.tiff,2,NVR1_N910A6_ch2_main,266516.6034,4691264.064,177.8711548,2132.856106,1970.18321
NVR1_N910A6_ch2_main.tiff,2,NVR1_N910A6_ch2_main,266517.7348,4691268.656,177.8623047,3052.674963,227.2363369
NVR1_N910A6_ch2_main.tiff,2,NVR1_N910A6_ch2_main,266518.1446,4691267.18,177.8563995,3079.343348,856.9513682
NVR1_N910A6_ch2_main.tiff,2,NVR1_N910A6_ch2_main,266518.5023,4691265.798,177.8519135,3026.18549,1441.357912
NVR1_N910A6_ch2_main.tiff,2,NVR1_N910A6_ch2_main,266518.734,4691264.885,177.8519897,2966.41671,1775.936334
NVR1_N910A6_ch2_main.tiff,2,NVR1_N910A6_ch2_main,266518.8099,4691267.361,178.1578217,3344.231454,877.1074414
NVR1_N910A6_ch2_main.tiff,2,NVR1_N910A6_ch2_main,266518.9061,4691264.202,177.8503723,2918.272328,1988.721803
NVR1_N910A6_ch2_main.tiff,2,NVR1_N910A6_ch2_main,266519.1618,4691265.962,178.1622009,3279.694601,1450.565056
NVR1_N910A6_ch2_main.tiff,2,NVR1_N910A6_ch2_main,266519.4765,4691264.371,178.1557007,3129.393826,1990.992218
NVR1_N910A6_ch3_main.tiff,3,NVR1_N910A6_ch3_main,266510.0808,4691269.244,178.1651306,221.5110295,989.7954112
NVR1_N910A6_ch3_main.tiff,3,NVR1_N910A6_ch3_main,266510.7325,4691271.074,177.8479919,583.2622244,332.3179095
NVR1_N910A6_ch3_main.tiff,3,NVR1_N910A6_ch3_main,266510.8416,4691270.523,177.8547363,554.9682325,539.8071834
NVR1_N910A6_ch3_main.tiff,3,NVR1_N910A6_ch3_main,266511.0086,4691269.644,177.8414459,528.460398,894.6414409
NVR1_N910A6_ch3_main.tiff,3,NVR1_N910A6_ch3_main,266511.0375,4691269.521,177.8572998,528.460398,962.3199708
NVR1_N910A6_ch3_main.tiff,3,NVR1_N910A6_ch3_main,266511.3904,4691267.831,177.8585205,578.0831483,1642.75374
NVR1_N910A6_ch3_main.tiff,3,NVR1_N910A6_ch3_main,266513.1272,4691270.997,177.8054657,1419.503746,461.7138513
NVR1_N910A6_ch3_main.tiff,3,NVR1_N910A6_ch3_main,266514.3264,4691271.35,177.8593445,1990.526162,392.6829713
NVR1_N910A6_ch3_main.tiff,3,NVR1_N910A6_ch3_main,266514.7833,4691269.882,177.8683472,2074.282622,1118.054948
NVR1_N910A6_ch3_main.tiff,3,NVR1_N910A6_ch3_main,266515.2593,4691268.449,177.8722076,2152.925688,1807.540441
NVR1_N910A6_ch3_main.tiff,3,NVR1_N910A6_ch3_main,266516.9041,4691271.86,177.850235,3059.907647,475.0254023
NVR1_N910A6_ch3_main.tiff,3,NVR1_N910A6_ch3_main,266516.9615,4691271.666,177.8502808,3073.006718,551.0000101
NVR1_N910A6_ch3_main.tiff,3,NVR1_N910A6_ch3_main,266517.3435,4691270.227,177.8591156,3121.171925,1176.276355
NVR1_N910A6_ch3_main.tiff,3,NVR1_N910A6_ch3_main,266517.7394,4691268.658,177.8623047,3085.212782,1802.826207
NVR1_N910A6_ch3_main.tiff,3,NVR1_N910A6_ch3_main,266517.751,4691271.881,178.16539,3367.111553,540.8255275
NVR1_N910A6_ch3_main.tiff,3,NVR1_N910A6_ch3_main,266518.1077,4691270.504,178.1795044,3418.367208,1120.946192
NVR1_N910A6_ch4_main.tiff,4,NVR1_N910A6_ch4_main,266508.6959,4691275.321,178.1565857,383.1677213,120.1329154
NVR1_N910A6_ch4_main.tiff,4,NVR1_N910A6_ch4_main,266509.0513,4691273.762,178.153717,326.2869754,662.5582935
NVR1_N910A6_ch4_main.tiff,4,NVR1_N910A6_ch4_main,266509.0719,4691272.62,178.1597443,298.343362,1091.245864
NVR1_N910A6_ch4_main.tiff,4,NVR1_N910A6_ch4_main,266509.3626,4691272.32,178.1535492,358.0815913,1217.263772
NVR1_N910A6_ch4_main.tiff,4,NVR1_N910A6_ch4_main,266509.4898,4691270.835,178.1682129,425.37627,1733.793832
NVR1_N910A6_ch4_main.tiff,4,NVR1_N910A6_ch4_main,266509.6847,4691270.883,178.1657715,466.3108647,1740.363582
NVR1_N910A6_ch4_main.tiff,4,NVR1_N910A6_ch4_main,266509.9192,4691275.508,177.8455963,730.0791746,41.72401878
NVR1_N910A6_ch4_main.tiff,4,NVR1_N910A6_ch4_main,266509.9938,4691275.076,177.8455353,706.3027448,183.6993436
NVR1_N910A6_ch4_main.tiff,4,NVR1_N910A6_ch4_main,266510.1507,4691274.286,177.845047,681.2303651,486.4959627
NVR1_N910A6_ch4_main.tiff,4,NVR1_N910A6_ch4_main,266510.1892,4691274.02,177.8474121,673.9531038,587.6498945
NVR1_N910A6_ch4_main.tiff,4,NVR1_N910A6_ch4_main,266510.4714,4691272.496,177.844101,697.6657085,1213.418759
NVR1_N910A6_ch4_main.tiff,4,NVR1_N910A6_ch4_main,266510.6529,4691271.539,177.8503265,750.5373292,1584.193938
NVR1_N910A6_ch4_main.tiff,4,NVR1_N910A6_ch4_main,266510.7316,4691271.072,177.8479919,786.2835049,1756.199064
NVR1_N910A6_ch4_main.tiff,4,NVR1_N910A6_ch4_main,266510.8442,4691270.53,177.8547363,832.5668867,1936.092963
NVR1_N910A6_ch4_main.tiff,4,NVR1_N910A6_ch4_main,266512.1552,4691272.965,177.8286896,1323.001062,1155.511223
NVR1_N910A6_ch4_main.tiff,4,NVR1_N910A6_ch4_main,266513.132,4691270.99,177.8054657,1649.814134,1999.361058
NVR1_N910A6_ch4_main.tiff,4,NVR1_N910A6_ch4_main,266513.4554,4691272.806,177.8708344,1885.863869,1317.621941
NVR1_N910A6_ch4_main.tiff,4,NVR1_N910A6_ch4_main,266513.6655,4691272.731,177.8694305,1980.177175,1368.27168
NVR1_N910A6_ch4_main.tiff,4,NVR1_N910A6_ch4_main,266514.334,4691271.347,177.8593445,2159.677065,1960.76755
NVR1_N910A6_ch4_main.tiff,4,NVR1_N910A6_ch4_main,266515.738,4691276.388,177.8512726,3027.484338,5.564907248
NVR1_N910A6_ch4_main.tiff,4,NVR1_N910A6_ch4_main,266515.9353,4691275.585,177.8516235,3092.465426,309.6217252
NVR1_N910A6_ch4_main.tiff,4,NVR1_N910A6_ch4_main,266516.0897,4691274.976,177.852417,3131.314244,567.3583728
NVR1_N910A6_ch4_main.tiff,4,NVR1_N910A6_ch4_main,266516.176,4691274.602,177.853302,3142.841426,723.499291
NVR1_N910A6_ch4_main.tiff,4,NVR1_N910A6_ch4_main,266516.2171,4691274.469,177.8560181,3149.12898,781.1352004
NVR1_N910A6_ch4_main.tiff,4,NVR1_N910A6_ch4_main,266516.2336,4691274.421,177.8549347,3153.320683,803.1416385
NVR1_N910A6_ch4_main.tiff,4,NVR1_N910A6_ch4_main,266516.5748,4691273.14,177.8511353,3161.690698,1349.54937
NVR1_N910A6_ch4_main.tiff,4,NVR1_N910A6_ch4_main,266516.6381,4691272.885,177.8522339,3157.445629,1446.579521
NVR1_N910A6_ch4_main.tiff,4,NVR1_N910A6_ch4_main,266516.6691,4691276.616,178.0932617,3353.677429,23.39336734
NVR1_N910A6_ch4_main.tiff,4,NVR1_N910A6_ch4_main,266516.9041,4691271.854,177.8503418,3119.734029,1828.527164
NVR1_N910A6_ch4_main.tiff,4,NVR1_N910A6_ch4_main,266516.9554,4691271.663,177.8502808,3113.669645,1889.777446
NVR1_N910A6_ch4_main.tiff,4,NVR1_N910A6_ch4_main,266517.0724,4691274.825,178.1655273,3469.6448,718.7162367
NVR1_N910A6_ch4_main.tiff,4,NVR1_N910A6_ch4_main,266517.4316,4691273.338,178.1656952,3470.460997,1331.134142
NVR1_N910A6_ch4_main.tiff,4,NVR1_N910A6_ch4_main,266517.6731,4691273.299,178.1630707,3515.410699,1359.8997
NVR1_N910A6_ch4_main.tiff,4,NVR1_N910A6_ch4_main,266517.7515,4691271.881,178.16539,3383.948084,1851.190902
NVR1_N910A6_ch5_main.tiff,5,NVR1_N910A6_ch5_main,266507.7098,4691279.612,178.1601105,687.0498943,20.598507
NVR1_N910A6_ch5_main.tiff,5,NVR1_N910A6_ch5_main,266508.0237,4691278.335,178.1650696,611.3704323,424.1847078
NVR1_N910A6_ch5_main.tiff,5,NVR1_N910A6_ch5_main,266508.6915,4691275.319,178.1564789,603.9986807,1579.67744
NVR1_N910A6_ch5_main.tiff,5,NVR1_N910A6_ch5_main,266509.047,4691273.763,178.153717,711.9355073,2109.779052
NVR1_N910A6_ch5_main.tiff,5,NVR1_N910A6_ch5_main,266509.3193,4691278.624,177.8538513,1044.102263,361.6883641
NVR1_N910A6_ch5_main.tiff,5,NVR1_N910A6_ch5_main,266509.3443,4691278.481,177.8527832,1038.644317,416.8742622
NVR1_N910A6_ch5_main.tiff,5,NVR1_N910A6_ch5_main,266509.4858,4691277.707,177.8492584,1011.077634,719.5259196
NVR1_N910A6_ch5_main.tiff,5,NVR1_N910A6_ch5_main,266509.6321,4691276.973,177.8492126,1002.65955,1023.269796
NVR1_N910A6_ch5_main.tiff,5,NVR1_N910A6_ch5_main,266509.6862,4691276.655,177.8492737,1001.786279,1162.119941
NVR1_N910A6_ch5_main.tiff,5,NVR1_N910A6_ch5_main,266509.9142,4691275.505,177.8453064,1021.163273,1634.65473
NVR1_N910A6_ch5_main.tiff,5,NVR1_N910A6_ch5_main,266509.9936,4691275.075,177.8455353,1034.262343,1790.970302
NVR1_N910A6_ch5_main.tiff,5,NVR1_N910A6_ch5_main,266510.1529,4691274.274,177.8451385,1077.192487,2073.847291
NVR1_N910A6_ch5_main.tiff,5,NVR1_N910A6_ch5_main,266510.1918,4691274.016,177.8467865,1086.895502,2155.110042
NVR1_N910A6_ch5_main.tiff,5,NVR1_N910A6_ch5_main,266512.3285,4691278.731,177.8703003,2240.470078,451.8605641
NVR1_N910A6_ch5_main.tiff,5,NVR1_N910A6_ch5_main,266512.4663,4691278.467,177.8698425,2284.861371,575.574006
NVR1_N910A6_ch5_main.tiff,5,NVR1_N910A6_ch5_main,266512.6309,4691277.223,177.8616486,2263.848409,1156.609087
NVR1_N910A6_ch5_main.tiff,5,NVR1_N910A6_ch5_main,266512.7634,4691276.799,177.8603668,2286.902773,1358.858733
NVR1_N910A6_ch5_main.tiff,5,NVR1_N910A6_ch5_main,266512.8775,4691275.937,177.8614807,2255.54295,1751.183403
NVR1_N910A6_ch5_main.tiff,5,NVR1_N910A6_ch5_main,266514.8211,4691280.54,177.8493042,3207.264428,60.98204994
NVR1_N910A6_ch5_main.tiff,5,NVR1_N910A6_ch5_main,266515.0384,4691279.501,177.8542633,3294.92868,417.1931063
NVR1_N910A6_ch5_main.tiff,5,NVR1_N910A6_ch5_main,266515.125,4691279.053,177.8535461,3320.399095,586.0255682
NVR1_N910A6_ch5_main.tiff,5,NVR1_N910A6_ch5_main,266515.2181,4691278.631,177.8526917,3341.808086,763.8589349
NVR1_N910A6_ch5_main.tiff,5,NVR1_N910A6_ch5_main,266515.3933,4691277.794,177.8348389,3365.089071,1103.594587
NVR1_N910A6_ch5_main.tiff,5,NVR1_N910A6_ch5_main,266515.4397,4691277.568,177.8506317,3364.482633,1206.689122
NVR1_N910A6_ch5_main.tiff,5,NVR1_N910A6_ch5_main,266515.7032,4691276.569,177.8525848,3354.744963,1615.183836
NVR1_N910A6_ch5_main.tiff,5,NVR1_N910A6_ch5_main,266515.7378,4691276.399,177.8512726,3347.467702,1681.285626
NVR1_N910A6_ch5_main.tiff,5,NVR1_N910A6_ch5_main,266515.9152,4691280.701,178.1510162,3525.372273,117.0974609
NVR1_N910A6_ch5_main.tiff,5,NVR1_N910A6_ch5_main,266515.9355,4691275.582,177.8516235,3307.729392,1971.216373
NVR1_N910A6_ch5_main.tiff,5,NVR1_N910A6_ch5_main,266516.0676,4691279.279,178.1585846,3612.449344,585.4816935
NVR1_N910A6_ch5_main.tiff,5,NVR1_N910A6_ch5_main,266516.4126,4691277.754,178.1519775,3665.982156,1191.701905
NVR1_N910A6_ch5_main.tiff,5,NVR1_N910A6_ch5_main,266516.6711,4691276.623,178.1464081,3642.782518,1629.933037
NVR1_N910A6_ch6_main.tiff,6,NVR1_N910A6_ch6_main,266507.0336,4691282.696,178.171814,268.392837,80.98738927
NVR1_N910A6_ch6_main.tiff,6,NVR1_N910A6_ch6_main,266507.3984,4691281.173,178.1633453,185.3553635,609.5178238
NVR1_N910A6_ch6_main.tiff,6,NVR1_N910A6_ch6_main,266507.7104,4691279.612,178.1601105,191.1221671,1216.496045
NVR1_N910A6_ch6_main.tiff,6,NVR1_N910A6_ch6_main,266508.0261,4691278.337,178.1650696,279.8298496,1694.306868
NVR1_N910A6_ch6_main.tiff,6,NVR1_N910A6_ch6_main,266508.6465,4691282.236,177.8583984,636.3149281,249.4132205
NVR1_N910A6_ch6_main.tiff,6,NVR1_N910A6_ch6_main,266508.7831,4691281.486,177.8551331,602.7721032,543.6141869
NVR1_N910A6_ch6_main.tiff,6,NVR1_N910A6_ch6_main,266508.804,4691281.345,177.8534698,595.696988,601.2258388
NVR1_N910A6_ch6_main.tiff,6,NVR1_N910A6_ch6_main,266508.9387,4691280.633,177.8518982,586.9919087,900.4899808
NVR1_N910A6_ch6_main.tiff,6,NVR1_N910A6_ch6_main,266509.0507,4691279.968,177.8454132,593.9063742,1182.05026
NVR1_N910A6_ch6_main.tiff,6,NVR1_N910A6_ch6_main,266509.3192,4691278.626,177.8538513,665.3322198,1717.731372
NVR1_N910A6_ch6_main.tiff,6,NVR1_N910A6_ch6_main,266509.344,4691278.481,177.8527832,677.4609886,1771.704393
NVR1_N910A6_ch6_main.tiff,6,NVR1_N910A6_ch6_main,266509.4828,4691277.712,177.8492584,738.6862697,2028.759934
NVR1_N910A6_ch6_main.tiff,6,NVR1_N910A6_ch6_main,266511.3572,4691282.637,177.9017181,1695.738078,184.0165359
NVR1_N910A6_ch6_main.tiff,6,NVR1_N910A6_ch6_main,266511.8116,4691281.725,177.8710785,1821.909721,615.5003779
NVR1_N910A6_ch6_main.tiff,6,NVR1_N910A6_ch6_main,266511.8456,4691281.794,177.8701172,1841.994962,586.6824232
NVR1_N910A6_ch6_main.tiff,6,NVR1_N910A6_ch6_main,266512.0973,4691280.233,177.8719482,1832.570939,1322.053488
NVR1_N910A6_ch6_main.tiff,6,NVR1_N910A6_ch6_main,266512.1807,4691280.134,177.8706818,1863.658823,1372.098004
NVR1_N910A6_ch6_main.tiff,6,NVR1_N910A6_ch6_main,266512.3268,4691278.73,177.8703003,1828.40719,1948.989756
NVR1_N910A6_ch6_main.tiff,6,NVR1_N910A6_ch6_main,266512.4697,4691278.467,177.8698425,1869.450944,2048.54269
NVR1_N910A6_ch6_main.tiff,6,NVR1_N910A6_ch6_main,266514.2298,4691283.553,177.853775,2869.339805,141.0549366
NVR1_N910A6_ch6_main.tiff,6,NVR1_N910A6_ch6_main,266514.3422,4691282.996,177.8583527,2896.189718,343.4789972
NVR1_N910A6_ch6_main.tiff,6,NVR1_N910A6_ch6_main,266514.5249,4691282.054,177.8559265,2930.845421,720.9869718
NVR1_N910A6_ch6_main.tiff,6,NVR1_N910A6_ch6_main,266514.6998,4691281.203,177.8508606,2937.805188,1070.82255
NVR1_N910A6_ch6_main.tiff,6,NVR1_N910A6_ch6_main,266514.8215,4691280.545,177.8493042,2926.117231,1339.954907
NVR1_N910A6_ch6_main.tiff,6,NVR1_N910A6_ch6_main,266515.0367,4691279.502,177.8542633,2897.79398,1728.836213
NVR1_N910A6_ch6_main.tiff,6,NVR1_N910A6_ch6_main,266515.1211,4691279.057,177.8535461,2875.134529,1879.237216
NVR1_N910A6_ch6_main.tiff,6,NVR1_N910A6_ch6_main,266515.2167,4691278.63,177.8526917,2852.659246,2016.366424
NVR1_N910A6_ch6_main.tiff,6,NVR1_N910A6_ch6_main,266515.8402,4691282.159,178.1650391,3349.396841,785.7773647
NVR1_N910A6_ch6_main.tiff,6,NVR1_N910A6_ch6_main,266515.9117,4691280.701,178.1501007,3290.064792,1337.364466
NVR1_N910A6_ch6_main.tiff,6,NVR1_N910A6_ch6_main,266516.066,4691279.275,178.1585846,3192.826192,1839.064835
NVR1_N910A6_ch7_main.tiff,7,NVR1_N910A6_ch7_main,266506.3968,4691285.415,178.1637268,406.8473359,374.4017042
NVR1_N910A6_ch7_main.tiff,7,NVR1_N910A6_ch7_main,266507.0376,4691282.696,178.1721954,338.8748609,1491.962428
NVR1_N910A6_ch7_main.tiff,7,NVR1_N910A6_ch7_main,266507.3947,4691281.172,178.1633453,436.2295143,2051.35141
NVR1_N910A6_ch7_main.tiff,7,NVR1_N910A6_ch7_main,266507.8482,4691285.946,177.853714,933.8471621,263.5607156
NVR1_N910A6_ch7_main.tiff,7,NVR1_N910A6_ch7_main,266507.9717,4691285.544,177.8552246,918.8047934,424.8019158
NVR1_N910A6_ch7_main.tiff,7,NVR1_N910A6_ch7_main,266508.2439,4691284.44,177.8590851,879.6762879,913.3752087
NVR1_N910A6_ch7_main.tiff,7,NVR1_N910A6_ch7_main,266508.2974,4691284.166,177.8563232,870.9435744,1042.91046
NVR1_N910A6_ch7_main.tiff,7,NVR1_N910A6_ch7_main,266508.5043,4691282.973,177.8580322,848.9941324,1572.055832
NVR1_N910A6_ch7_main.tiff,7,NVR1_N910A6_ch7_main,266508.6487,4691282.234,177.8583984,868.627508,1876.98314
NVR1_N910A6_ch7_main.tiff,7,NVR1_N910A6_ch7_main,266508.784,4691281.482,177.8551331,901.42758,2144.873682
NVR1_N910A6_ch7_main.tiff,7,NVR1_N910A6_ch7_main,266510.6314,4691286.658,177.8820801,2156.952748,193.8379986
NVR1_N910A6_ch7_main.tiff,7,NVR1_N910A6_ch7_main,266510.9156,4691286.206,177.8805237,2239.738872,410.758603
NVR1_N910A6_ch7_main.tiff,7,NVR1_N910A6_ch7_main,266511.0736,4691285.067,177.8775177,2196.256527,938.4777553
NVR1_N910A6_ch7_main.tiff,7,NVR1_N910A6_ch7_main,266511.256,4691287.211,177.8348389,2466.555379,74.85103635
NVR1_N910A6_ch7_main.tiff,7,NVR1_N910A6_ch7_main,266511.3173,4691284.749,177.8722229,2271.357864,1123.611282
NVR1_N910A6_ch7_main.tiff,7,NVR1_N910A6_ch7_main,266511.3532,4691282.633,177.9030762,2033.040132,2072.659774
NVR1_N910A6_ch7_main.tiff,7,NVR1_N910A6_ch7_main,266511.3891,4691283.429,177.8731842,2146.2494,1743.19219
NVR1_N910A6_ch7_main.tiff,7,NVR1_N910A6_ch7_main,266511.5226,4691283.226,177.8736267,2179.433712,1841.871853
NVR1_N910A6_ch7_main.tiff,7,NVR1_N910A6_ch7_main,266513.3167,4691287.944,177.8500824,3173.364591,147.0624285
NVR1_N910A6_ch7_main.tiff,7,NVR1_N910A6_ch7_main,266513.3731,4691287.701,177.8515778,3189.374565,223.4736721
NVR1_N910A6_ch7_main.tiff,7,NVR1_N910A6_ch7_main,266513.586,4691286.67,177.8469391,3242.86958,591.0340512
NVR1_N910A6_ch7_main.tiff,7,NVR1_N910A6_ch7_main,266513.6314,4691286.445,177.8466034,3248.428599,679.4729904
NVR1_N910A6_ch7_main.tiff,7,NVR1_N910A6_ch7_main,266513.9504,4691284.965,177.8475037,3253.394887,1287.235579
NVR1_N910A6_ch7_main.tiff,7,NVR1_N910A6_ch7_main,266514.2242,4691283.553,177.853775,3176.738076,1844.034471
NVR1_N910A6_ch7_main.tiff,7,NVR1_N910A6_ch7_main,266514.3439,4691283.001,177.8590546,3130.931878,2035.51039
NVR1_N910A6_ch8_main.tiff,8,NVR1_N910A6_ch8_main,266505.3817,4691290.085,178.1680603,413.4262072,13.46134164
NVR1_N910A6_ch8_main.tiff,8,NVR1_N910A6_ch8_main,266505.7277,4691288.436,178.155365,290.1023523,588.207779
NVR1_N910A6_ch8_main.tiff,8,NVR1_N910A6_ch8_main,266506.0925,4691286.989,178.1607819,278.2719621,1177.18494
NVR1_N910A6_ch8_main.tiff,8,NVR1_N910A6_ch8_main,266506.3901,4691285.419,178.1637573,349.3048317,1797.251637
NVR1_N910A6_ch8_main.tiff,8,NVR1_N910A6_ch8_main,266506.9923,4691289.169,177.8471985,748.9971219,353.1194393
NVR1_N910A6_ch8_main.tiff,8,NVR1_N910A6_ch8_main,266507.0581,4691288.887,177.8495026,737.3535038,464.461537
NVR1_N910A6_ch8_main.tiff,8,NVR1_N910A6_ch8_main,266507.2984,4691287.981,177.8533783,725.1783597,858.7445003
NVR1_N910A6_ch8_main.tiff,8,NVR1_N910A6_ch8_main,266507.4405,4691287.375,177.8435822,730.7025638,1138.046755
NVR1_N910A6_ch8_main.tiff,8,NVR1_N910A6_ch8_main,266507.6334,4691286.771,177.8551941,764.7912274,1415.582211
NVR1_N910A6_ch8_main.tiff,8,NVR1_N910A6_ch8_main,266507.8514,4691285.945,177.853714,821.4258042,1773.676869
NVR1_N910A6_ch8_main.tiff,8,NVR1_N910A6_ch8_main,266507.9736,4691285.547,177.8552246,862.2949036,1935.057415
NVR1_N910A6_ch8_main.tiff,8,NVR1_N910A6_ch8_main,266510.2514,4691289.206,177.8722687,2107.219758,530.4989627
NVR1_N910A6_ch8_main.tiff,8,NVR1_N910A6_ch8_main,266510.5727,4691287.695,177.8799591,2126.621394,1281.427403
NVR1_N910A6_ch8_main.tiff,8,NVR1_N910A6_ch8_main,266510.6281,4691286.652,177.8820801,2053.773495,1765.255457
NVR1_N910A6_ch8_main.tiff,8,NVR1_N910A6_ch8_main,266510.9126,4691286.204,177.8801727,2137.607545,1974.840583
NVR1_N910A6_ch8_main.tiff,8,NVR1_N910A6_ch8_main,266512.7607,4691291.44,177.8536224,3122.472516,21.67893574
NVR1_N910A6_ch8_main.tiff,8,NVR1_N910A6_ch8_main,266512.7913,4691290.958,177.8545837,3140.365281,166.2397098
NVR1_N910A6_ch8_main.tiff,8,NVR1_N910A6_ch8_main,266512.8236,4691290.43,177.8519287,3153.765209,342.9946457
NVR1_N910A6_ch8_main.tiff,8,NVR1_N910A6_ch8_main,266512.9759,4691289.427,177.8503876,3189.033076,729.2533245
NVR1_N910A6_ch8_main.tiff,8,NVR1_N910A6_ch8_main,266513.0245,4691289.233,177.8548737,3197.76579,807.8477464
NVR1_N910A6_ch8_main.tiff,8,NVR1_N910A6_ch8_main,266513.3167,4691287.947,177.8500824,3205.809385,1358.567712
NVR1_N910A6_ch8_main.tiff,8,NVR1_N910A6_ch8_main,266513.3684,4691287.698,177.8507996,3201.443029,1456.81074
NVR1_N910A6_ch8_main.tiff,8,NVR1_N910A6_ch8_main,266513.5837,4691286.669,177.8469391,3158.060588,1846.75496
NVR1_N910A6_ch8_main.tiff,8,NVR1_N910A6_ch8_main,266513.6311,4691286.446,177.8466034,3141.68675,1928.62415
NVR2_N910A6_ch1_main.tiff,1,NVR2_N910A6_ch1_main,266504.7412,4691292.992,178.1688843,486.6865896,447.6706558
NVR2_N910A6_ch1_main.tiff,1,NVR2_N910A6_ch1_main,266505.0777,4691291.466,178.1764679,395.2882735,1128.189979
NVR2_N910A6_ch1_main.tiff,1,NVR2_N910A6_ch1_main,266505.3843,4691290.085,178.1680603,407.488839,1787.483395
NVR2_N910A6_ch1_main.tiff,1,NVR2_N910A6_ch1_main,266505.7286,4691288.43,178.155365,537.377537,2481.695905
NVR2_N910A6_ch1_main.tiff,1,NVR2_N910A6_ch1_main,266505.9059,4691293.357,177.8518372,966.4873248,365.729072
NVR2_N910A6_ch1_main.tiff,1,NVR2_N910A6_ch1_main,266505.9419,4691293.216,177.8523712,959.6466991,423.8743897
NVR2_N910A6_ch1_main.tiff,1,NVR2_N910A6_ch1_main,266506.237,4691292.091,177.8566284,914.4244455,951.9481012
NVR2_N910A6_ch1_main.tiff,1,NVR2_N910A6_ch1_main,266506.3075,4691291.836,177.8548584,911.346164,1083.288113
NVR2_N910A6_ch1_main.tiff,1,NVR2_N910A6_ch1_main,266506.6809,4691290.344,177.8506622,945.6809074,1844.069185
NVR2_N910A6_ch1_main.tiff,1,NVR2_N910A6_ch1_main,266506.7463,4691290.089,177.8492432,958.5070804,1970.193219
NVR2_N910A6_ch1_main.tiff,1,NVR2_N910A6_ch1_main,266506.9928,4691289.167,177.8471985,1032.091271,2398.455274
NVR2_N910A6_ch1_main.tiff,1,NVR2_N910A6_ch1_main,266509.2885,4691293.588,177.8656769,2574.238071,480.7433351
NVR2_N910A6_ch1_main.tiff,1,NVR2_N910A6_ch1_main,266509.5731,4691292.159,177.8670349,2591.226005,1248.182017
NVR2_N910A6_ch1_main.tiff,1,NVR2_N910A6_ch1_main,266509.8978,4691290.635,177.8704681,2591.134509,2097.032366
NVR2_N910A6_ch1_main.tiff,1,NVR2_N910A6_ch1_main,266512.0564,4691295.454,177.8434448,3719.597071,135.7056271
NVR2_N910A6_ch1_main.tiff,1,NVR2_N910A6_ch1_main,266512.0594,4691295.425,177.8432007,3722.566092,146.9879089
NVR2_N910A6_ch1_main.tiff,1,NVR2_N910A6_ch1_main,266512.2688,4691294.384,177.8430481,3817.062494,538.2227833
NVR2_N910A6_ch1_main.tiff,1,NVR2_N910A6_ch1_main,266512.3669,4691293.971,177.8448029,3851.06998,711.5735304
NVR2_N910A6_ch1_main.tiff,1,NVR2_N910A6_ch1_main,266512.6659,4691292.473,177.848465,3905.720936,1380.136861
NVR2_N910A6_ch1_main.tiff,1,NVR2_N910A6_ch1_main,266512.76,4691291.439,177.8531342,3854.157498,1847.229569
NVR2_N910A6_ch1_main.tiff,1,NVR2_N910A6_ch1_main,266512.7898,4691290.957,177.8545837,3811.772981,2051.860043
NVR2_N910A6_ch1_main.tiff,1,NVR2_N910A6_ch1_main,266512.8237,4691290.431,177.8519287,3751.315395,2266.832723
NVR2_N910A6_ch2_main.tiff,2,NVR2_N910A6_ch2_main,266504.0839,4691295.938,178.1613007,559.4716409,654.4373641
NVR2_N910A6_ch2_main.tiff,2,NVR2_N910A6_ch2_main,266504.7403,4691292.988,178.1688843,525.9763909,2060.200656
NVR2_N910A6_ch2_main.tiff,2,NVR2_N910A6_ch2_main,266504.7696,4691297.742,177.8557892,1127.92948,14.81246948
NVR2_N910A6_ch2_main.tiff,2,NVR2_N910A6_ch2_main,266504.7813,4691297.678,177.8538818,1120.803828,39.75225035
NVR2_N910A6_ch2_main.tiff,2,NVR2_N910A6_ch2_main,266505.0963,4691296.477,177.8459778,1032.774015,534.9678856
NVR2_N910A6_ch2_main.tiff,2,NVR2_N910A6_ch2_main,266505.1479,4691296.267,177.8459625,1018.237686,633.3018788
NVR2_N910A6_ch2_main.tiff,2,NVR2_N910A6_ch2_main,266505.3497,4691295.524,177.8509827,986.6791985,993.2770506
NVR2_N910A6_ch2_main.tiff,2,NVR2_N910A6_ch2_main,266505.5356,4691294.805,177.8445587,972.1304465,1364.947886
NVR2_N910A6_ch2_main.tiff,2,NVR2_N910A6_ch2_main,266505.906,4691293.357,177.8518372,1011.756382,2088.349312
NVR2_N910A6_ch2_main.tiff,2,NVR2_N910A6_ch2_main,266505.938,4691293.212,177.8523712,1019.965133,2157.0976
NVR2_N910A6_ch2_main.tiff,2,NVR2_N910A6_ch2_main,266508.4239,4691298.135,177.8688965,2757.078739,143.1254113
NVR2_N910A6_ch2_main.tiff,2,NVR2_N910A6_ch2_main,266508.7229,4691296.631,177.8638611,2767.509408,845.688364
NVR2_N910A6_ch2_main.tiff,2,NVR2_N910A6_ch2_main,266509.0348,4691295.152,177.8631287,2755.108003,1648.000709
NVR2_N910A6_ch2_main.tiff,2,NVR2_N910A6_ch2_main,266509.2938,4691293.589,177.8656769,2666.237594,2428.827707
NVR2_N910A6_ch2_main.tiff,2,NVR2_N910A6_ch2_main,266511.4462,4691298.458,177.8349915,3898.6058,479.1506959
NVR2_N910A6_ch2_main.tiff,2,NVR2_N910A6_ch2_main,266511.5619,4691297.882,177.835556,3930.919585,707.6616044
NVR2_N910A6_ch2_main.tiff,2,NVR2_N910A6_ch2_main,266511.7642,4691296.924,177.8430634,3966.883195,1105.484485
NVR2_N910A6_ch2_main.tiff,2,NVR2_N910A6_ch2_main,266512.0607,4691295.466,177.8427582,3946.335363,1743.227376
NVR2_N910A6_ch2_main.tiff,2,NVR2_N910A6_ch2_main,266512.2677,4691294.384,177.8430481,3878.451369,2183.793544
NVR2_N910A6_ch2_main.tiff,2,NVR2_N910A6_ch2_main,266512.3696,4691293.966,177.8448029,3846.134164,2340.587967
NVR2_N910A6_ch3_main.tiff,3,NVR2_N910A6_ch3_main,266503.0483,4691300.67,178.1597595,474.0578855,143.5238087
NVR2_N910A6_ch3_main.tiff,3,NVR2_N910A6_ch3_main,266503.4038,4691298.983,178.1663513,341.6737032,844.3273569
NVR2_N910A6_ch3_main.tiff,3,NVR2_N910A6_ch3_main,266503.7197,4691297.657,178.179657,338.6602338,1461.347413
NVR2_N910A6_ch3_main.tiff,3,NVR2_N910A6_ch3_main,266504.077,4691295.946,178.1608124,451.3342446,2188.728827
NVR2_N910A6_ch3_main.tiff,3,NVR2_N910A6_ch3_main,266504.3741,4691299.256,177.8565979,713.0744174,796.0119293
NVR2_N910A6_ch3_main.tiff,3,NVR2_N910A6_ch3_main,266504.406,4691299.173,177.8580322,715.126605,836.0295891
NVR2_N910A6_ch3_main.tiff,3,NVR2_N910A6_ch3_main,266504.7677,4691297.743,177.8557892,730.7374917,1540.332152
NVR2_N910A6_ch3_main.tiff,3,NVR2_N910A6_ch3_main,266504.7818,4691297.663,177.8538818,733.5877524,1576.672975
NVR2_N910A6_ch3_main.tiff,3,NVR2_N910A6_ch3_main,266505.0966,4691296.484,177.8460541,824.4863491,2131.226035
NVR2_N910A6_ch3_main.tiff,3,NVR2_N910A6_ch3_main,266505.1529,4691296.252,177.8461151,843.9821321,2219.470105
NVR2_N910A6_ch3_main.tiff,3,NVR2_N910A6_ch3_main,266507.9172,4691300.325,177.8649902,2483.437956,570.9213557
NVR2_N910A6_ch3_main.tiff,3,NVR2_N910A6_ch3_main,266508.045,4691299.605,177.8643188,2466.627583,972.4276073
NVR2_N910A6_ch3_main.tiff,3,NVR2_N910A6_ch3_main,266508.4242,4691298.129,177.8688965,2502.562563,1790.18015
NVR2_N910A6_ch3_main.tiff,3,NVR2_N910A6_ch3_main,266510.8309,4691301.446,177.8378296,3775.302125,481.6316948
NVR2_N910A6_ch3_main.tiff,3,NVR2_N910A6_ch3_main,266511.0166,4691300.634,177.8374786,3818.650418,834.1924182
NVR2_N910A6_ch3_main.tiff,3,NVR2_N910A6_ch3_main,266511.1481,4691299.965,177.8355103,3832.888657,1133.970134
NVR2_N910A6_ch3_main.tiff,3,NVR2_N910A6_ch3_main,266511.3616,4691298.943,177.8356476,3820.944053,1600.437067
NVR2_N910A6_ch3_main.tiff,3,NVR2_N910A6_ch3_main,266511.4428,4691298.468,177.8348083,3796.7924,1808.940951
NVR2_N910A6_ch3_main.tiff,3,NVR2_N910A6_ch3_main,266511.5613,4691297.882,177.835556,3761.269831,2052.140002
NVR2_N910A6_ch3_main.tiff,3,NVR2_N910A6_ch3_main,266511.7492,4691296.946,177.8439331,3690.275906,2399.841496
NVR2_N910A6_ch4_main.tiff,4,NVR2_N910A6_ch4_main,266502.4122,4691303.549,178.1513977,636.3476237,415.7330632
NVR2_N910A6_ch4_main.tiff,4,NVR2_N910A6_ch4_main,266502.7686,4691301.995,178.1528778,553.7552543,1091.064846
NVR2_N910A6_ch4_main.tiff,4,NVR2_N910A6_ch4_main,266503.0454,4691300.668,178.1597595,554.7512326,1703.429017
NVR2_N910A6_ch4_main.tiff,4,NVR2_N910A6_ch4_main,266503.1934,4691303.768,177.8445435,958.3089027,375.5171
NVR2_N910A6_ch4_main.tiff,4,NVR2_N910A6_ch4_main,266503.2325,4691303.597,177.8426819,948.3329903,445.3484865
NVR2_N910A6_ch4_main.tiff,4,NVR2_N910A6_ch4_main,266503.4457,4691302.778,177.83983,914.4740358,802.3705614
NVR2_N910A6_ch4_main.tiff,4,NVR2_N910A6_ch4_main,266503.7101,4691301.788,177.84851,903.8354949,1275.785634
NVR2_N910A6_ch4_main.tiff,4,NVR2_N910A6_ch4_main,266504.0021,4691300.686,177.8534088,934.6727578,1821.636218
NVR2_N910A6_ch4_main.tiff,4,NVR2_N910A6_ch4_main,266504.0434,4691300.601,177.852951,946.0738005,1863.677563
NVR2_N910A6_ch4_main.tiff,4,NVR2_N910A6_ch4_main,266507.0263,4691304.155,177.78032,2717.494945,446.934607
NVR2_N910A6_ch4_main.tiff,4,NVR2_N910A6_ch4_main,266507.5017,4691302.156,177.78352,2760.273029,1522.428249
NVR2_N910A6_ch4_main.tiff,4,NVR2_N910A6_ch4_main,266507.9158,4691300.331,177.8649902,2742.188398,2465.193223
NVR2_N910A6_ch4_main.tiff,4,NVR2_N910A6_ch4_main,266510.092,4691305.101,177.8231049,3991.709997,467.2813804
NVR2_N910A6_ch4_main.tiff,4,NVR2_N910A6_ch4_main,266510.2273,4691304.459,177.8231354,4036.198955,728.3382754
NVR2_N910A6_ch4_main.tiff,4,NVR2_N910A6_ch4_main,266510.297,4691304.156,177.83069,4054.979243,857.0892302
NVR2_N910A6_ch4_main.tiff,4,NVR2_N910A6_ch4_main,266510.5213,4691302.951,177.8294525,4075.144876,1407.290299
NVR2_N910A6_ch4_main.tiff,4,NVR2_N910A6_ch4_main,266510.7703,4691301.749,177.8374939,4029.792038,1947.64184
NVR2_N910A6_ch4_main.tiff,4,NVR2_N910A6_ch4_main,266510.8252,4691301.448,177.8378296,4007.560004,2075.048492
NVR2_N910A6_ch4_main.tiff,4,NVR2_N910A6_ch4_main,266511.0193,4691300.633,177.8374786,3939.086938,2389.749839
NVR2_N910A6_ch5_main.tiff,5,NVR2_N910A6_ch5_main,266501.7703,4691306.462,178.1611786,376.352748,357.5438055
NVR2_N910A6_ch5_main.tiff,5,NVR2_N910A6_ch5_main,266502.0966,4691304.876,178.1587219,292.2036411,1078.783974
NVR2_N910A6_ch5_main.tiff,5,NVR2_N910A6_ch5_main,266502.3309,4691307.173,177.8474884,698.399274,114.9170779
NVR2_N910A6_ch5_main.tiff,5,NVR2_N910A6_ch5_main,266502.4162,4691303.551,178.150528,331.4731034,1682.284416
NVR2_N910A6_ch5_main.tiff,5,NVR2_N910A6_ch5_main,266502.4852,4691306.583,177.8479156,653.2454444,362.854413
NVR2_N910A6_ch5_main.tiff,5,NVR2_N910A6_ch5_main,266502.5583,4691306.204,177.8538666,625.565537,532.7386138
NVR2_N910A6_ch5_main.tiff,5,NVR2_N910A6_ch5_main,266502.7701,4691302.001,178.1533051,456.6029245,2284.009026
NVR2_N910A6_ch5_main.tiff,5,NVR2_N910A6_ch5_main,266502.8599,4691305.083,177.8492432,598.4761847,1063.051327
NVR2_N910A6_ch5_main.tiff,5,NVR2_N910A6_ch5_main,266502.9107,4691304.82,177.8460693,593.4882285,1197.726143
NVR2_N910A6_ch5_main.tiff,5,NVR2_N910A6_ch5_main,266503.1915,4691303.766,177.8445435,632.9575948,1681.17267
NVR2_N910A6_ch5_main.tiff,5,NVR2_N910A6_ch5_main,266503.2329,4691303.593,177.8426819,640.7958117,1758.129708
NVR2_N910A6_ch5_main.tiff,5,NVR2_N910A6_ch5_main,266505.4049,4691306.99,177.77281,1960.713357,423.2367451
NVR2_N910A6_ch5_main.tiff,5,NVR2_N910A6_ch5_main,266506.403,4691305.497,177.7862,2264.479838,1334.613122
NVR2_N910A6_ch5_main.tiff,5,NVR2_N910A6_ch5_main,266507.026,4691304.164,177.78291,2385.279194,2059.319487
NVR2_N910A6_ch5_main.tiff,5,NVR2_N910A6_ch5_main,266509.3219,4691308.958,177.8321991,3810.849932,240.26695
NVR2_N910A6_ch5_main.tiff,5,NVR2_N910A6_ch5_main,266509.3519,4691308.734,177.8308563,3816.83548,319.7892227
NVR2_N910A6_ch5_main.tiff,5,NVR2_N910A6_ch5_main,266509.5801,4691307.597,177.8300629,3842.663788,792.4643034
NVR2_N910A6_ch5_main.tiff,5,NVR2_N910A6_ch5_main,266509.6071,4691307.45,177.8280029,3839.243476,857.4502467
NVR2_N910A6_ch5_main.tiff,5,NVR2_N910A6_ch5_main,266509.9141,4691305.942,177.8224335,3788.053699,1523.445812
NVR2_N910A6_ch5_main.tiff,5,NVR2_N910A6_ch5_main,266510.0964,4691305.098,177.8227692,3721.692339,1890.484094
NVR2_N910A6_ch5_main.tiff,5,NVR2_N910A6_ch5_main,266510.229,4691304.47,177.8230591,3657.861094,2135.170536
NVR2_N910A6_ch6_main.tiff,6,NVR2_N910A6_ch6_main,266500.1554,4691310.584,178.1695557,476.0510151,614.4498964
NVR2_N910A6_ch6_main.tiff,6,NVR2_N910A6_ch6_main,266501.1665,4691311.336,177.8496094,943.5143595,386.3529454
NVR2_N910A6_ch6_main.tiff,6,NVR2_N910A6_ch6_main,266501.259,4691311.14,177.8433685,941.2832546,464.5398539
NVR2_N910A6_ch6_main.tiff,6,NVR2_N910A6_ch6_main,266501.3853,4691308.021,178.1557617,575.6394118,1881.930307
NVR2_N910A6_ch6_main.tiff,6,NVR2_N910A6_ch6_main,266501.4514,4691310.534,177.8434448,914.2543649,741.1596221
NVR2_N910A6_ch6_main.tiff,6,NVR2_N910A6_ch6_main,266501.7253,4691309.585,177.8486938,883.171018,1205.825096
NVR2_N910A6_ch6_main.tiff,6,NVR2_N910A6_ch6_main,266501.7341,4691311.958,177.79637,1250.417954,170.4314951
NVR2_N910A6_ch6_main.tiff,6,NVR2_N910A6_ch6_main,266502.334,4691307.173,177.8474884,942.4259216,2365.341123
NVR2_N910A6_ch6_main.tiff,6,NVR2_N910A6_ch6_main,266503.7122,4691310.816,177.77489,1957.270331,839.3463456
NVR2_N910A6_ch6_main.tiff,6,NVR2_N910A6_ch6_main,266505.8326,4691308.988,177.77203,2802.975439,2059.36574
NVR2_N910A6_ch6_main.tiff,6,NVR2_N910A6_ch6_main,266506.2387,4691310.821,177.77206,3235.50273,1172.65694
NVR2_N910A6_ch6_main.tiff,6,NVR2_N910A6_ch6_main,266507.4666,4691312.875,177.7834,3805.776715,465.3259978
NVR2_N910A6_ch6_main.tiff,6,NVR2_N910A6_ch6_main,266508.4118,4691313.428,177.8349152,4065.29393,427.6412448
NVR2_N910A6_ch6_main.tiff,6,NVR2_N910A6_ch6_main,266508.4525,4691313.311,177.83415,4074.504743,463.704449
NVR2_N910A6_ch6_main.tiff,6,NVR2_N910A6_ch6_main,266508.848,4691311.297,177.82462,4159.567512,1272.998315
NVR2_N910A6_ch6_main.tiff,6,NVR2_N910A6_ch6_main,266509.0126,4691310.436,177.8288269,4144.261693,1651.531155
NVR2_N910A6_ch6_main.tiff,6,NVR2_N910A6_ch6_main,266509.3573,4691308.732,177.8316498,4022.813903,2338.568503
NVR2_N910A6_ch7_main.tiff,7,NVR2_N910A6_ch7_main,266497.4187,4691314.525,178.1528625,314.6960764,321.4471352
NVR2_N910A6_ch7_main.tiff,7,NVR2_N910A6_ch7_main,266498.343,4691313.179,178.1762543,317.4010386,824.027554
NVR2_N910A6_ch7_main.tiff,7,NVR2_N910A6_ch7_main,266499.2796,4691311.859,178.1724396,429.3842851,1437.438647
NVR2_N910A6_ch7_main.tiff,7,NVR2_N910A6_ch7_main,266499.306,4691315.317,177.8504181,872.006184,42.98426972
NVR2_N910A6_ch7_main.tiff,7,NVR2_N910A6_ch7_main,266499.9586,4691313.893,177.8556976,858.2982674,610.8994195
NVR2_N910A6_ch7_main.tiff,7,NVR2_N910A6_ch7_main,266500.1127,4691313.558,177.8641052,865.138893,771.6541214
NVR2_N910A6_ch7_main.tiff,7,NVR2_N910A6_ch7_main,266500.593,4691312.532,177.8579102,925.2600955,1287.640728
NVR2_N910A6_ch7_main.tiff,7,NVR2_N910A6_ch7_main,266501.1646,4691311.335,177.8496094,1067.734469,1910.725164
NVR2_N910A6_ch7_main.tiff,7,NVR2_N910A6_ch7_main,266501.2548,4691311.138,177.8433685,1091.334627,2002.047515
NVR2_N910A6_ch7_main.tiff,7,NVR2_N910A6_ch7_main,266501.4485,4691310.533,177.8434448,1154.209908,2279.396473
NVR2_N910A6_ch7_main.tiff,7,NVR2_N910A6_ch7_main,266501.7343,4691311.943,177.79637,1346.643574,1718.597682
NVR2_N910A6_ch7_main.tiff,7,NVR2_N910A6_ch7_main,266502.3075,4691315.309,177.76878,2030.616718,105.4818671
NVR2_N910A6_ch7_main.tiff,7,NVR2_N910A6_ch7_main,266505.0513,4691315.043,177.77065,3377.573467,547.490035
NVR2_N910A6_ch7_main.tiff,7,NVR2_N910A6_ch7_main,266507.4706,4691312.865,177.7834,4085.766533,1837.097387
NVR2_N910A6_ch7_main.tiff,7,NVR2_N910A6_ch7_main,266507.8075,4691316.423,177.837265,4313.62461,427.205079
NVR2_N910A6_ch7_main.tiff,7,NVR2_N910A6_ch7_main,266507.8916,4691315.947,177.8365479,4342.785838,606.0959368
NVR2_N910A6_ch7_main.tiff,7,NVR2_N910A6_ch7_main,266508.4081,4691313.441,177.8342896,4363.746977,1650.247993
NVR2_N910A6_ch7_main.tiff,7,NVR2_N910A6_ch7_main,266508.6024,4691312.455,177.8304749,4292.814365,2041.372719
NVR2_N910A6_ch7_main.tiff,7,NVR2_N910A6_ch7_main,266508.7168,4691311.941,177.8256378,4245.259666,2226.754623
NVR2_N910A6_ch7_main.tiff,7,NVR2_N910A6_ch7_main,266508.8508,4691311.298,177.8246155,4177.470397,2437.648451
NVR2_N910A6_ch8_main.tiff,8,NVR2_N910A6_ch8_main,266497.8027,4691318.609,177.8339996,192.9554876,469.9339762
NVR2_N910A6_ch8_main.tiff,8,NVR2_N910A6_ch8_main,266498.1571,4691317.844,177.8370361,167.6641821,750.3821269
NVR2_N910A6_ch8_main.tiff,8,NVR2_N910A6_ch8_main,266498.6057,4691316.86,177.84079,167.295062,1160.626187
NVR2_N910A6_ch8_main.tiff,8,NVR2_N910A6_ch8_main,266499.1346,4691318.371,177.78339,456.054813,548.5096709
NVR2_N910A6_ch8_main.tiff,8,NVR2_N910A6_ch8_main,266499.3063,4691315.321,177.8503876,276.1561152,1890.524095
NVR2_N910A6_ch8_main.tiff,8,NVR2_N910A6_ch8_main,266499.3935,4691315.142,177.85103,297.4234014,1964.957353
NVR2_N910A6_ch8_main.tiff,8,NVR2_N910A6_ch8_main,266501.5124,4691317.759,177.76656,1243.306843,918.7308959
NVR2_N910A6_ch8_main.tiff,8,NVR2_N910A6_ch8_main,266502.3111,4691315.318,177.76878,1444.462753,2299.33592
NVR2_N910A6_ch8_main.tiff,8,NVR2_N910A6_ch8_main,266503.8739,4691318.997,177.76779,2594.015697,504.5033548
NVR2_N910A6_ch8_main.tiff,8,NVR2_N910A6_ch8_main,266505.6868,4691318.987,177.79663,3438.464939,709.4563497
NVR2_N910A6_ch8_main.tiff,8,NVR2_N910A6_ch8_main,266507.1993,4691319.365,177.8435669,3932.853414,745.4295261
NVR2_N910A6_ch8_main.tiff,8,NVR2_N910A6_ch8_main,266507.4979,4691317.917,177.8434906,4007.998724,1364.207875
NVR2_N910A6_ch8_main.tiff,8,NVR2_N910A6_ch8_main,266507.807,4691316.429,177.837265,3992.035851,2006.753269
NVR2_N910A6_ch8_main.tiff,8,NVR2_N910A6_ch8_main,266507.89,4691315.943,177.8365479,3964.741597,2196.522833
NVR2_N910A6_ch8_main.tiff,8,NVR2_N910A6_ch8_main,266508.0894,4691321.211,177.8337708,4049.744902,253.1566052
NVR2_N910A6_ch8_main.tiff,8,NVR2_N910A6_ch8_main,266508.8296,4691318.26,177.8251801,4280.337803,1311.27235
NVR3_N910A6_ch1_main.tiff,1,NVR3_N910A6_ch1_main,266509.32137040276,4691278.629098289,177.85385131835938,209.7233624317019,1965.728004440081
NVR3_N910A6_ch1_main.tiff,1,NVR3_N910A6_ch1_main,266509.3506805927,4691278.480064895,177.8527832,251.84015059843807,1987.8136372592232
NVR3_N910A6_ch1_main.tiff,1,NVR3_N910A6_ch1_main,266509.4744038018,4691277.710432693,177.83653259277344,517.0556722060123,2115.6315303308957
NVR3_N910A6_ch1_main.tiff,1,NVR3_N910A6_ch1_main,266509.62891069247,4691276.975972404,177.84921264648438,880.4213771983034,2245.172218881959
NVR3_N910A6_ch1_main.tiff,1,NVR3_N910A6_ch1_main,266509.69160914083,4691276.646808798,177.84927368164062,1084.1017051087802,2306.276317255102
NVR3_N910A6_ch1_main.tiff,1,NVR3_N910A6_ch1_main,266509.8966253398,4691275.490838826,177.84527587890625,1999.2451125659031,2483.724835652972
NVR3_N910A6_ch1_main.tiff,1,NVR3_N910A6_ch1_main,266509.97688172647,4691275.078794859,177.8455352783203,2377.749158801328,2510.4877480130526
NVR3_N910A6_ch1_main.tiff,1,NVR3_N910A6_ch1_main,266510.1395,4691274.289433937,177.8450469970703,3101.0069435534633,2499.0184299525677
NVR3_N910A6_ch1_main.tiff,1,NVR3_N910A6_ch1_main,266510.1767275743,4691274.035250555,177.8474121,3302.2536390712908,2490.5632010193226
NVR3_N910A6_ch1_main.tiff,1,NVR3_N910A6_ch1_main,266510.2944101951,4691273.358341836,177.83143615722656,3763.9144564373883,2411.1600249934504
NVR3_N910A6_ch1_main.tiff,1,NVR3_N910A6_ch1_main,266512.2223233464,4691277.757849259,177.84042358398438,761.5557063909664,184.4796672176668
NVR3_N910A6_ch1_main.tiff,1,NVR3_N910A6_ch1_main,266512.5178,4691275.886291082,177.80995178222656,2171.8946646990325,43.50675362459134
NVR3_N910A6_ch1_main.tiff,1,NVR3_N910A6_ch1_main,266512.8883974611,4691274.161428193,177.80633544921875,3698.846459727408,169.25331225599848
NVR3_N910A6_ch1_main.tiff,1,NVR3_N910A6_ch1_main,266512.46179203404,4691278.468840773,177.86984252929688,534.4712817,60.52291457137588
NVR3_N910A6_ch1_main.tiff,1,NVR3_N910A6_ch1_main,266513.19863817515,4691272.756741047,177.81631469726562,4376.111997002916,378.62303480084626
NVR3_N910A6_ch2_main.tiff,2,NVR3_N910A6_ch2_main,266512.3191,4691278.730370877,177.87030029296875,4318.199262968965,294.90647689150916
NVR3_N910A6_ch2_main.tiff,2,NVR3_N910A6_ch2_main,266512.4636265041,4691278.465884053,177.86984252929688,4250.357799620232,289.9017788
NVR3_N910A6_ch2_main.tiff,2,NVR3_N910A6_ch2_main,266513.4506847159,4691272.810021565,177.8712158203125,386.87255287378883,78.26215138766813
NVR3_N910A6_ch2_main.tiff,2,NVR3_N910A6_ch2_main,266514.0833406914,4691272.5976449195,177.83030700683594,172.21350231658676,500.59992356059297
NVR3_N910A6_ch2_main.tiff,2,NVR3_N910A6_ch2_main,266514.93140262266,4691272.822736967,177.8383789,138.10916012434132,1108.2772935315045
NVR3_N910A6_ch2_main.tiff,2,NVR3_N910A6_ch2_main,266515.0341203805,4691279.516,177.85406494140625,4378.991041708214,1952.271768320909
NVR3_N910A6_ch2_main.tiff,2,NVR3_N910A6_ch2_main,266515.10591591324,4691279.064499957,177.8524627685547,4264.073857412917,2003.9845012537926
NVR3_N910A6_ch2_main.tiff,2,NVR3_N910A6_ch2_main,266515.1948056205,4691278.626910106,177.85223388671875,4118.512090638873,2069.104239021128
NVR3_N910A6_ch2_main.tiff,2,NVR3_N910A6_ch2_main,266515.38967920945,4691277.816685149,177.8434600830078,3749.819458,2202.2166441631807
NVR3_N910A6_ch2_main.tiff,2,NVR3_N910A6_ch2_main,266515.4379994985,4691277.568381611,177.8506317138672,3605.4454559723026,2227.0387911143353
NVR3_N910A6_ch2_main.tiff,2,NVR3_N910A6_ch2_main,266515.68914410844,4691276.571,177.85232543945312,2857.161298392328,2402.287497164664
NVR3_N910A6_ch2_main.tiff,2,NVR3_N910A6_ch2_main,266515.7351307628,4691276.395558025,177.8512725830078,2701.3846707920356,2416.1961246289757
NVR3_N910A6_ch2_main.tiff,2,NVR3_N910A6_ch2_main,266515.9357997998,4691275.588740021,177.85162353515625,1944.755336733473,2471.8306344862226
NVR3_N910A6_ch2_main.tiff,2,NVR3_N910A6_ch2_main,266516.1657330714,4691274.618886256,177.8497314453125,1115.8011398604908,2416.1961246289757
NVR3_N910A6_ch2_main.tiff,2,NVR3_N910A6_ch2_main,266516.2242615405,4691274.434948472,177.8549346923828,987.8417671888224,2407.850948150389
NVR3_N910A6_ch2_main.tiff,2,NVR3_N910A6_ch2_main,266516.5567,4691273.149822042,177.8506317138672,313.04392907663845,2249.451817003465
NVR3_N910A6_ch2_main.tiff,2,NVR3_N910A6_ch2_main,266516.6229,4691272.907694892,177.85243225097656,227.96406110650622,2221.3698997976367
NVR3_N910A6_ch2_main.tiff,2,NVR3_N910A6_ch2_main,266512.8685482867,4691278.099,177.83688354492188,4142.706443,420.4431099916662
NVR3_N910A6_ch2_main.tiff,2,NVR3_N910A6_ch2_main,266513.3292606812,4691275.682784015,177.81434631347656,2506.663254740408,63.82840614184704
NVR3_N910A6_ch2_main.tiff,2,NVR3_N910A6_ch2_main,266513.5655386544,4691274.481817366,177.8677520751953,1333.2463852261776,117.7453194830099
NVR3_N910A6_ch3_main.tiff,3,NVR3_N910A6_ch3_main,266505.0803,4691291.467,178.1764679,234.1465366,129.5792816
NVR3_N910A6_ch3_main.tiff,3,NVR3_N910A6_ch3_main,266505.3839,4691290.085,178.1680603,46.59927252,760.3231799
NVR3_N910A6_ch3_main.tiff,3,NVR3_N910A6_ch3_main,266506.6818,4691290.348,177.8506622,501.4227242,708.0354595
NVR3_N910A6_ch3_main.tiff,3,NVR3_N910A6_ch3_main,266506.7484,4691290.096,177.8492432,480.9008474,857.8451604
NVR3_N910A6_ch3_main.tiff,3,NVR3_N910A6_ch3_main,266506.9933,4691289.163,177.8471985,457.4115437,1431.135145
NVR3_N910A6_ch3_main.tiff,3,NVR3_N910A6_ch3_main,266507.0535,4691288.887,177.8436127,464.5942006,1607.623286
NVR3_N910A6_ch3_main.tiff,3,NVR3_N910A6_ch3_main,266507.2994,4691287.978,177.8538513,532.0608065,2153.060702
NVR3_N910A6_ch3_main.tiff,3,NVR3_N910A6_ch3_main,266509.8992,4691290.643,177.8704376,2412.786468,890.3109076
NVR3_N910A6_ch3_main.tiff,3,NVR3_N910A6_ch3_main,266510.2508,4691289.204,177.8722687,2422.075109,2001.257927
NVR3_N910A6_ch3_main.tiff,3,NVR3_N910A6_ch3_main,266512.6661,4691292.472,177.848465,4026.082255,413.0024706
NVR3_N910A6_ch3_main.tiff,3,NVR3_N910A6_ch3_main,266512.7668,4691291.435,177.8531342,4074.018318,933.8367624
NVR3_N910A6_ch3_main.tiff,3,NVR3_N910A6_ch3_main,266512.7877,4691290.96,177.8542328,4064.783474,1201.647255
NVR3_N910A6_ch3_main.tiff,3,NVR3_N910A6_ch3_main,266512.8243,4691290.434,177.8519287,4035.498765,1505.08035
NVR3_N910A6_ch3_main.tiff,3,NVR3_N910A6_ch3_main,266512.9814,4691289.425,177.8503876,3957.219767,2082.060842
NVR3_N910A6_ch3_main.tiff,3,NVR3_N910A6_ch3_main,266513.0246,4691289.237,177.8548737,3939.263125,2186.380382
NVR3_N910A6_ch4_main.tiff,4,NVR3_N910A6_ch4_main,266503.7242,4691297.655,178.179657,196.9302299,377.2370919
NVR3_N910A6_ch4_main.tiff,4,NVR3_N910A6_ch4_main,266504.0732,4691295.95,178.1605377,97.73349838,1314.273483
NVR3_N910A6_ch4_main.tiff,4,NVR3_N910A6_ch4_main,266504.4251,4691294.508,178.1682434,202.4880749,2094.544198
NVR3_N910A6_ch4_main.tiff,4,NVR3_N910A6_ch4_main,266504.7716,4691297.744,177.8557892,605.0100129,392.9574393
NVR3_N910A6_ch4_main.tiff,4,NVR3_N910A6_ch4_main,266504.777,4691297.682,177.8538055,595.7751683,435.0272868
NVR3_N910A6_ch4_main.tiff,4,NVR3_N910A6_ch4_main,266505.0978,4691296.493,177.8460541,543.9901363,1173.146677
NVR3_N910A6_ch4_main.tiff,4,NVR3_N910A6_ch4_main,266505.15,4691296.262,177.8459625,544.7027015,1309.95919
NVR3_N910A6_ch4_main.tiff,4,NVR3_N910A6_ch4_main,266505.3487,4691295.521,177.8509827,582.1122478,1769.238036
NVR3_N910A6_ch4_main.tiff,4,NVR3_N910A6_ch4_main,266505.5369,4691294.805,177.8445587,656.7418315,2175.908851
NVR3_N910A6_ch4_main.tiff,4,NVR3_N910A6_ch4_main,266508.4276,4691298.125,177.8688965,2883.211391,582.1090217
NVR3_N910A6_ch4_main.tiff,4,NVR3_N910A6_ch4_main,266508.7292,4691296.627,177.8638611,2831.203955,1714.511611
NVR3_N910A6_ch4_main.tiff,4,NVR3_N910A6_ch4_main,266511.146,4691299.964,177.8355103,4208.313827,234.4771093
NVR3_N910A6_ch4_main.tiff,4,NVR3_N910A6_ch4_main,266511.3605,4691298.94,177.8356476,4293.659379,728.6817932
NVR3_N910A6_ch4_main.tiff,4,NVR3_N910A6_ch4_main,266511.4389,4691298.467,177.8348083,4307.05606,976.8651628
NVR3_N910A6_ch4_main.tiff,4,NVR3_N910A6_ch4_main,266511.5599,4691297.882,177.835556,4301.699527,1293.471899
NVR3_N910A6_ch4_main.tiff,4,NVR3_N910A6_ch4_main,266511.7574,4691296.923,177.8430634,4244.433275,1803.082491
NVR3_N910A6_ch5_main.tiff,5,NVR3_N910A6_ch5_main,266502.0962,4691304.879,178.1587219,95.16630627,672.2655576
NVR3_N910A6_ch5_main.tiff,5,NVR3_N910A6_ch5_main,266502.4151,4691303.546,178.150528,57.69856383,1392.482901
NVR3_N910A6_ch5_main.tiff,5,NVR3_N910A6_ch5_main,266502.569,4691306.211,177.8538666,506.55119,66.86519034
NVR3_N910A6_ch5_main.tiff,5,NVR3_N910A6_ch5_main,266502.7715,4691302.003,178.1533051,191.3036155,2234.044473
NVR3_N910A6_ch5_main.tiff,5,NVR3_N910A6_ch5_main,266502.8602,4691305.085,177.8492432,404.2257713,584.8423623
NVR3_N910A6_ch5_main.tiff,5,NVR3_N910A6_ch5_main,266502.9279,4691304.825,177.8514709,380.8308317,735.0625007
NVR3_N910A6_ch5_main.tiff,5,NVR3_N910A6_ch5_main,266503.1931,4691303.769,177.8445435,374.4879358,1337.039631
NVR3_N910A6_ch5_main.tiff,5,NVR3_N910A6_ch5_main,266503.2337,4691303.593,177.8426819,377.9082486,1439.649015
NVR3_N910A6_ch5_main.tiff,5,NVR3_N910A6_ch5_main,266503.4516,4691302.79,177.84035,443.8556987,1929.221273
NVR3_N910A6_ch5_main.tiff,5,NVR3_N910A6_ch5_main,266503.7007,4691301.781,177.84851,586.5420426,2469.633443
NVR3_N910A6_ch5_main.tiff,5,NVR3_N910A6_ch5_main,266506.4014,4691305.501,177.78743,2432.642259,471.4926169
NVR3_N910A6_ch5_main.tiff,5,NVR3_N910A6_ch5_main,266507.0282,4691304.159,177.78032,2749.189916,1501.413835
NVR3_N910A6_ch5_main.tiff,5,NVR3_N910A6_ch5_main,266509.9116,4691305.949,177.8224335,4235.859669,753.6001182
NVR3_N910A6_ch5_main.tiff,5,NVR3_N910A6_ch5_main,266510.0916,4691305.1,177.8228607,4289.199037,1210.824528
NVR3_N910A6_ch5_main.tiff,5,NVR3_N910A6_ch5_main,266510.2261,4691304.464,177.8230591,4294.795352,1551.051897
NVR3_N910A6_ch5_main.tiff,5,NVR3_N910A6_ch5_main,266510.519,4691302.953,177.8294525,4198.682409,2293.704999
NVR3_N910A6_ch6_main.tiff,6,NVR3_N910A6_ch6_main,266501.74800306006,4691309.602016951,177.8311309814453,4083.832955145298,2236.9656107382148
NVR3_N910A6_ch6_main.tiff,6,NVR3_N910A6_ch6_main,266501.8789169674,4691309.082126688,177.80763244628906,4126.859008035806,1987.0047320409785
NVR3_N910A6_ch6_main.tiff,6,NVR3_N910A6_ch6_main,266502.35768782883,4691307.189576521,177.82162475585938,4118.663569389995,892.9136728252072
NVR3_N910A6_ch6_main.tiff,6,NVR3_N910A6_ch6_main,266502.4950560096,4691306.589097519,177.8475799560547,4052.9067730775323,549.4902459339171
NVR3_N910A6_ch6_main.tiff,6,NVR3_N910A6_ch6_main,266502.58728399023,4691306.209510728,177.8520050048828,4001.450407399415,333.59723341485767
NVR3_N910A6_ch6_main.tiff,6,NVR3_N910A6_ch6_main,266508.99707833794,4691310.437238082,177.82882690429688,335.54717403002235,2159.277538082051
NVR3_N910A6_ch6_main.tiff,6,NVR3_N910A6_ch6_main,266509.1271425124,4691309.7769273585,177.8202362060547,249.4361564092801,1842.7028860018002
NVR3_N910A6_ch6_main.tiff,6,NVR3_N910A6_ch6_main,266509.3594596038,4691308.738566875,177.83164978027344,178.20601330190263,1310.4774910802812
NVR3_N910A6_ch6_main.tiff,6,NVR3_N910A6_ch6_main,266509.6154,4691307.455000676,177.82772827148438,187.15303562235778,654.4688552552656
NVR3_N910A6_ch6_main.tiff,6,NVR3_N910A6_ch6_main,266509.88189343654,4691306.187277686,177.82577514648438,288.0266887974495,95.79872503296212
NVR3_N910A6_ch7_main.tiff,7,NVR3_N910A6_ch7_main,266500.4088,4691321.455,177.76558,360.2600257,425.2951783
NVR3_N910A6_ch7_main.tiff,7,NVR3_N910A6_ch7_main,266501.4985,4691317.772,177.76749,407.9423833,2180.90203
NVR3_N910A6_ch7_main.tiff,7,NVR3_N910A6_ch7_main,266502.2445,4691321.44,177.76695,958.9766246,514.2982271
NVR3_N910A6_ch7_main.tiff,7,NVR3_N910A6_ch7_main,266503.8779,4691318.997,177.76917,1441.540515,2071.386384
NVR3_N910A6_ch7_main.tiff,7,NVR3_N910A6_ch7_main,266504.8813,4691320.916,177.78577,2281.141075,1142.550437
NVR3_N910A6_ch7_main.tiff,7,NVR3_N910A6_ch7_main,266505.7036,4691318.973,177.78914,2452.136097,2335.715374
NVR3_N910A6_ch7_main.tiff,7,NVR3_N910A6_ch7_main,266506.9404,4691320.688,177.8342133,3339.259394,1565.499266
NVR3_N910A6_ch7_main.tiff,7,NVR3_N910A6_ch7_main,266506.9854,4691320.939,177.8209839,3385.421787,1439.289582
NVR3_N910A6_ch7_main.tiff,7,NVR3_N910A6_ch7_main,266507.2009,4691319.359,177.8435211,3246.835765,2258.470305
NVR3_N910A6_ch7_main.tiff,7,NVR3_N910A6_ch7_main,266507.7169,4691322.685,177.8450775,3793.902244,701.8807327
NVR3_N910A6_ch7_main.tiff,7,NVR3_N910A6_ch7_main,266508.0052,4691321.481,177.8367615,3792.563447,1729.887498
NVR3_N910A6_ch7_main.tiff,7,NVR3_N910A6_ch7_main,266508.0831,4691321.217,177.8337708,3817.931774,1427.742886
NVR3_N910A6_ch7_main.tiff,7,NVR3_N910A6_ch7_main,266508.1462,4691320.969,177.8333893,3813.656383,1548.308912
NVR3_N910A6_ch7_main.tiff,7,NVR3_N910A6_ch7_main,266508.4489,4691319.75,177.8368988,3747.138753,2127.474058
NVR3_N910A6_ch7_main.tiff,7,NVR3_N910A6_ch7_main,266508.5725,4691319.205,177.8306885,3690.709401,2351.012816
NVR3_N910A6_ch8_main.tiff,8,NVR3_N910A6_ch8_main,266495.6998,4691320.084,177.8320923,180.666567,880.3919418
NVR3_N910A6_ch8_main.tiff,8,NVR3_N910A6_ch8_main,266497.8059,4691318.595,177.8340912,902.8583139,1888.191568
NVR3_N910A6_ch8_main.tiff,8,NVR3_N910A6_ch8_main,266498.1596,4691317.831,177.8373108,1071.774703,2304.335828
NVR3_N910A6_ch8_main.tiff,8,NVR3_N910A6_ch8_main,266499.1368,4691318.38,177.78679,1612.118461,2163.436764
NVR3_N910A6_ch8_main.tiff,8,NVR3_N910A6_ch8_main,266502.2423,4691321.449,177.76695,2655.737379,563.320409
NVR3_N910A6_ch8_main.tiff,8,NVR3_N910A6_ch8_main,266503.8713,4691319.002,177.7679,3756.542884,2011.933281
NVR3_N910A6_ch8_main.tiff,8,NVR3_N910A6_ch8_main,266504.8844,4691320.91,177.78577,3488.835701,826.1029623
NVR3_N910A6_ch8_main.tiff,8,NVR3_N910A6_ch8_main,266505.6966,4691318.989,177.79285,4118.396335,1993.911583
NVR3_N910A6_ch8_main.tiff,8,NVR3_N910A6_ch8_main,266506.9827,4691320.941,177.8082428,4413.129827,1389.765916
NVR3_N910A6_ch8_main.tiff,8,NVR3_N910A6_ch8_main,266507.1971,4691319.359,177.8435211,4341.234472,1867.521745
NVR3_N910A6_ch8_main.tiff,8,NVR3_N910A6_ch8_main,266507.3553,4691318.645,177.845932,4292.577487,2068.602582
